char_no,name,base_rarity,related_word,move,range,type,技1,技2,技3,技4,HP,攻撃力,防御力,SP,skill1,skill2,skill3,skill4,head,body,leg,東の海,偉大なる航路突入,アラバスタ,空島,DBF,W7、エニエス・ロビー,スリラーバーク,シャボンディ諸島,女ヶ島,インペルダウン,頂上戦争,3D2Y,魚人島,パンクハザード,ドレスローザ,ゾウ,WCI,世界会議,ワノ国,エッグヘッド,エルバフ,扉絵
1,モンキー・D・ルフィ,7,ルフィ,23,2,拳,ゴムゴムの銃,ゴムゴムの象銃,ゴムゴムの猿王群鴉砲,ゴムゴムの猿神銃,100,30,15,100,四皇,超新星,船長,覚醒,黄色,赤,青,〇,〇,〇,〇,〇,〇,〇,〇,〇,〇,〇,〇,〇,〇,〇,〇,〇,〇,〇,〇,〇,
2,ロロノア・ゾロ,6,ゾロ,25,1,斬,煉獄鬼斬り,千八十煩悩鳳,阿修羅抜剣亡者戯,閻王三刀龍一百三情飛龍侍極,100,30,15,100,戦闘狂,剣豪,超新星,,緑,白,黒,〇,〇,〇,〇,〇,〇,〇,〇,,,,〇,〇,〇,〇,〇,,〇,〇,〇,〇,
3,ナミ,6,ナミ,8,2,特,突風ソード,蜃気楼＝テンポ,雷光鮫テンポ,雷霆,100,30,15,100,航海士,記録指針,何かがヤベーセンサー,,オレンジ,緑,青,〇,〇,〇,〇,〇,〇,〇,〇,,,,〇,〇,〇,〇,〇,〇,〇,〇,〇,〇,
4,ウソップ,6,ウソップ,15,4,銃,火の鳥星,ドクロ爆発草,突撃流星群,衝撃狼草,100,30,15,100,狙撃手,貫通,何かがヤベーセンサー,,茶色,肌色,黒,〇,〇,〇,〇,〇,〇,〇,〇,,,,〇,〇,〇,〇,〇,,〇,〇,〇,〇,
5,サンジ,6,サンジ,16,1,拳,首肉ストライク,焼鉄鍋スペクトル,地獄の思い出,牛肉バースト,100,30,15,100,飛翔,料理人,,,黄色,黒,黒,〇,〇,〇,〇,〇,〇,〇,〇,,,,〇,〇,〇,〇,〇,〇,〇,〇,〇,〇,
6,トニートニー・チョッパー,6,チョッパー,18,1,異,ヘビーゴング,角砲11,おれが万能薬になるんだ！！！！,刻蹄椰子,100,30,15,100,医者,動物系,何かがヤベーセンサー,,ピンク,茶色,茶色,,〇,〇,〇,〇,〇,〇,〇,,,,〇,〇,〇,〇,〇,〇,〇,〇,〇,〇,
7,ニコ・ロビン,6,ロビン,22,3,特,巨大樹ストンプ,海竜花,百花繚乱金槌花,大渦潮クラッチ,100,30,15,100,頭脳派,超人系,,,黒,紫,紫,,〇,〇,〇,〇,〇,〇,〇,,,,〇,〇,〇,〇,〇,,〇,〇,〇,〇,
8,フランキー,6,フランキー,8,2,銃,ストロング右,ウェポンズ左,風来砲,ラディカルビーム,100,30,15,100,船大工,改造人間,,,水色,赤,肌色,,,,,,〇,〇,〇,,,,〇,〇,〇,〇,〇,,〇,〇,〇,〇,
9,ブルック,6,ブルック,22,1,斬,魂のパラード,飛燕曲バンドゥロル,革命舞曲ボンナバン,フラーズダルム管弦楽,100,30,15,100,音楽家,超人系,,,黒,白,黒,,,,,,,〇,〇,,,,〇,〇,〇,〇,〇,〇,〇,〇,〇,〇,
10,ジンベエ,6,ジンベエ,9,1,拳,唐草瓦正拳,五千枚瓦手刀,魚人柔術肩車,鬼瓦正拳,100,30,15,100,魚人族,操舵手,七武海,,水色,水色,黒,,,,,,,,,,〇,〇,〇,〇,,,,〇,,〇,〇,〇,
11,ゴーイング・メリー号,4,メリー号,14,2,異,砲撃,迎えに来たよ！！,,,100,30,15,100,船,,,,,,,〇,〇,〇,〇,〇,〇,,,,,,,,,,,,,,,,
12,サンザンド・サニー号,4,サニー号,14,2,異,砲撃,脱兎スクリュー,クー・ド・バースト,ガオン砲,100,30,15,100,船,,,,,,,,,,,,,〇,〇,,,,〇,〇,〇,〇,〇,〇,〇,〇,〇,〇,
13,ネフェルタリ・ビビ,5,ビビ,8,2,斬,孔雀スラッシャー,孔雀一連スラッシャー逆流,,,100,30,15,100,王族,,,,,,,,〇,〇,,,,,,,,,,,,,,,〇,,,,
14,ゴール・D・ロジャー,7,ロジャー,24,2,斬,荒御魂,神避,火之迦具土慧士,,100,30,15,100,船長,剣豪,海賊王,,,,,〇,,,,,,,,,,,,,,,,,,,,,
15,アンジョウ,1,アンジョウ,1,1,無,渾身の一撃,,,,100,30,15,100,市民,,,,,,,〇,,,,,,,,,,,,,,,,,,,,,
16,モンスター,2,モンスター,8,1,無,渾身の一撃,,,,100,30,15,100,動物,,,,,,,〇,,,,,,,,,,,,,,,,,,,,,
17,シャンクス,7,シャンクス,24,2,斬,覇王色の覇気,おれ達が相手をしてやる！！！,神避,,100,30,15,100,船長,四皇,剣豪,,,,,〇,,,,,,,,,,,,,,,,,,,,,
18,ラッキー・ルウ,3,ルウ,21,2,銃,銃撃,,,,100,30,15,100,料理人,,,,,,,〇,,,,,,,,,,,,,,,,,,,,,
19,ヤソップ,3,ヤソップ,19,4,銃,銃撃,見聞色の覇気,,,100,30,15,100,狙撃手,貫通,,,,,,〇,,,,,,,,,,,,,,,,,,,,,
20,ベン・ベックマン,5,ベックマン,9,3,銃,銃撃,聖者でも相手にしてるつもりか,何もするな,,100,30,15,100,貫通,,,,,,,〇,,,,,,,,,,,,,,,,,,,,,
21,MIKIO　ITOO,1,MIKIO　ITOO,1,1,銃,銃撃,,,,100,30,15,100,,,,,,,,〇,,,,,,,,,,,,,,,,,,,,,
22,マキノ,3,マキノ,1,1,無,酒場の店主,,,,100,30,15,100,市民,,,,,,,〇,,,,,,,,,,,,,,,,,,,,,
23,ヒグマ,3,ヒグマ,3,1,斬,渾身の一撃,煙幕,,,100,30,15,100,,,,,,,,〇,,,,,,,,,,,,,,,,,,,,,
24,ギョルさん,1,ギョルさん,1,1,無,,,,,100,30,15,100,市民,,,,,,,〇,,,,,,,,,,,,,,,,,,,,,
25,チキンおばさん,1,チキンおばさん,1,1,無,,,,,100,30,15,100,市民,,,,,,,〇,,,,,,,,,,,,,,,,,,,,,
26,ウープ・スラップ,2,ウープ・スラップ,1,1,無,“夢”か“運命”か…,,,,100,30,15,100,市民,,,,,,,〇,,,,,,,,,,,,,,,,,,,,,
27,近海の主,2,近海の主,3,1,異,渾身の一撃,,,,100,30,15,100,動物,,,,,,,〇,,,,,,,,,,,,,,,,,,,,,
28,コビー,4,コビー,9,1,拳,剃,ぼくは！！！ 海軍将校になる男です！！！！,実直拳骨,,100,30,15,100,海軍将校,飛翔,英雄,,,,,〇,,,,,,,,,,,,,,,,,,,,,
29,アルビダ,3,アルビダ,8,1,異,スベスベシュプール,渾身の一撃,,,100,30,15,100,船長,,,,,,,〇,,,,,,,,,,,,,,,,,,,,,
30,ヘッポコ,1,ヘッポコ,1,1,無,渾身の一撃,,,,100,30,15,100,,,,,,,,〇,,,,,,,,,,,,,,,,,,,,,
31,ペッポコ,1,ペッポコ,1,1,無,渾身の一撃,,,,100,30,15,100,,,,,,,,〇,,,,,,,,,,,,,,,,,,,,,
32,ポッポコ,1,ポッポコ,1,1,無,渾身の一撃,,,,100,30,15,100,,,,,,,,〇,,,,,,,,,,,,,,,,,,,,,
33,リカ,2,リカ,1,1,無,リカの手作りおにぎり,,,,100,30,15,100,市民,料理人,,,,,,〇,,,,,,,,,,,,,,,,,,,,,
34,ヘルメッポ,3,ヘルメッポ,9,1,斬,ククリ刀,,,,100,30,15,100,海軍将校,,,,,,,〇,,,,,,,,,,,,,,,,,,,,,
35,ソーロ,1,ソーロ,3,1,異,渾身の一撃,,,,100,30,15,100,動物,,,,,,,〇,,,,,,,,,,,,,,,,,,,,,
36,リリカ,1,リリカ,1,1,無,,,,,100,30,15,100,市民,,,,,,,〇,,,,,,,,,,,,,,,,,,,,,
37,モーガン,3,モーガン,19,1,斬,おれは偉い,おれは海軍大佐斧手のモーガンだ！！！,,,100,30,15,100,海軍将校,,,,,,,〇,,,,,,,,,,,,,,,,,,,,,
38,ロッカク中尉,1,ロッカク,1,1,無,渾身の一撃,,,,100,30,15,100,,,,,,,,〇,,,,,,,,,,,,,,,,,,,,,
39,ウッカリー三等兵,1,ウッカリー,1,1,無,渾身の一撃,,,,100,30,15,100,,,,,,,,〇,,,,,,,,,,,,,,,,,,,,,
40,くいな,3,くいな,3,1,斬,剣術,私の…二千一勝目ね,,,100,30,15,100,剣豪,,,,,,,〇,,,,,,,,,,,,,,,,,,,,,
41,コウシロウ,3,コウシロウ,8,1,斬,剣術,“最強の剣”とは…守りたいものを守り斬りたいものを斬る力,,,100,30,15,100,剣豪,市民,,,,,,〇,,,,,,,,,,,,,,,,,,,,,
42,リッパー中佐,1,リッパー,1,1,無,渾身の一撃,,,,100,30,15,100,海軍将校,,,,,,,〇,,,,,,,,,,,,,,,,,,,,,
43,怪鳥ピンキー,1,ピンキー,18,1,異,,,,,100,30,15,100,動物,,,,,,,〇,,,,,,,,,,,,,,,,,,,,,
44,綱渡りフナンボローズ,1,フナンボローズ,1,1,斬,渾身の一撃,,,,100,30,15,100,,,,,,,,〇,,,,,,,,,,,,,,,,,,,,,
45,怪力ドミンゴス,1,ドミンゴス,1,1,拳,渾身の一撃,,,,100,30,15,100,,,,,,,,〇,,,,,,,,,,,,,,,,,,,,,
46,バギー,7,バギー,3,2,特,バラバラ砲,バラバラフェスティバル,空中錐揉み大サーカス,マギー玉,100,30,15,100,四皇,超人系,船長,飛翔,,,,〇,,,,,,,,,,,,,,,,,,,,,
47,どーも君,1,どーも君,1,1,無,,,,,100,30,15,100,市民,,,,,,,〇,,,,,,,,,,,,,,,,,,,,,
48,軽業フワーズ,1,軽業フワーズ,1,1,斬,渾身の一撃,,,,100,30,15,100,,,,,,,,〇,,,,,,,,,,,,,,,,,,,,,
49,モージ,3,モージ,1,1,異,渾身の一撃,,,,100,30,15,100,,,,,,,,〇,,,,,,,,,,,,,,,,,,,,,
50,リッチー,2,リッチー,1,1,異,渾身の一撃,,,,100,30,15,100,動物,,,,,,,〇,,,,,,,,,,,,,,,,,,,,,
51,シュシュ,3,シュシュ,1,1,異,渾身の一撃,,,,100,30,15,100,動物,,,,,,,〇,,,,,,,,,,,,,,,,,,,,,
52,ブードル,3,ブードル,1,1,斬,渾身の一撃,無謀は承知！！！！,,,100,30,15,100,市民,,,,,,,〇,,,,,,,,,,,,,,,,,,,,,
53,ホッカー,1,ホッカー,1,1,無,,,,,100,30,15,100,市民,,,,,,,〇,,,,,,,,,,,,,,,,,,,,,
54,ポロ,1,ポロ,1,1,無,,,,,100,30,15,100,市民,,,,,,,〇,,,,,,,,,,,,,,,,,,,,,
55,カバジ,3,カバジ,1,1,斬,曲技火事おやじ,曲技カミカゼ百コマ劇場,曲技納涼打上げ花火,一輪刺し,100,30,15,100,,,,,,,,〇,,,,,,,,,,,,,,,,,,,,,
56,ココックス,1,ココックス,1,1,異,,,,,100,30,15,100,動物,,,,,,,〇,,,,,,,,,,,,,,,,,,,,,
57,ガイモン,3,ガイモン,1,2,銃,銃撃,,,,100,30,15,100,,,,,,,,〇,,,,,,,,,,,,,,,,,,,,,
58,モーニン,1,モーニン,1,1,無,,,,,100,30,15,100,市民,,,,,,,〇,,,,,,,,,,,,,,,,,,,,,
59,にんじん,3,にんじん,1,1,異,コショー目潰し,酒場を経営することです！！！,,,100,30,15,100,,,,,,,,〇,,,,,,,,,,,,,,,,,,,,,
60,ピーマン,3,ピーマン,1,1,異,コショー目潰し,大工の棟梁になることです！！,,,100,30,15,100,,,,,,,,〇,,,,,,,,,,,,,,,,,,,,,
61,たまねぎ,3,たまねぎ,1,1,異,コショー目潰し,小説家になることです！！,,,100,30,15,100,,,,,,,,〇,,,,,,,,,,,,,,,,,,,,,
62,クロ,4,クロ,1,1,斬,抜き足,杓死,,,100,30,15,100,船長,,,,,,,〇,,,,,,,,,,,,,,,,,,,,,
63,カヤ,3,カヤ,1,1,銃,医術,,,,100,30,15,100,医者,,,,,,,〇,,,,,,,,,,,,,,,,,,,,,
64,門番,1,門番,1,1,無,,,,,100,30,15,100,市民,,,,,,,〇,,,,,,,,,,,,,,,,,,,,,
65,メリー,2,メリー,1,1,銃,銃撃,,,,100,30,15,100,市民,,,,,,,〇,,,,,,,,,,,,,,,,,,,,,
66,ジャンゴ,3,ジャンゴ,1,2,特,ワン・ツー・ジャンゴで眠くなる,ワン・ツー・ジャンゴでお前らは強くなる,,,100,30,15,100,船長,海軍将校,,,,,,〇,,,,,,,,,,,,,,,,,,,,,
67,シャム,3,シャム,1,1,斬,ネコババ,ネコ柳大行進,,,100,30,15,100,,,,,,,,〇,,,,,,,,,,,,,,,,,,,,,
68,ブチ,3,ブチ,1,1,斬,ネコ柳大行進,キャット・ザフンジャッタ,,,100,30,15,100,,,,,,,,〇,,,,,,,,,,,,,,,,,,,,,
69,ヌギレ・ヤイヌ,1,ヌギレ・ヤイヌ,1,1,無,,,,,100,30,15,100,,,,,,,,〇,,,,,,,,,,,,,,,,,,,,,
70,バンキーナ,2,バンキーナ,1,1,無,,,,,100,30,15,100,市民,,,,,,,〇,,,,,,,,,,,,,,,,,,,,,
71,ヨサク,3,ヨサク,1,1,斬,渾身の一撃,紙一重か,,,100,30,15,100,賞金稼ぎ,,,,,,,〇,,,,,,,,,,,,,,,,,,,,,
72,ジョニー,7,ジョニー,1,1,斬,渾身の一撃,紙一重か,,,100,30,15,100,賞金稼ぎ,,,,,,,〇,,,,,,,,,,,,,,,,,,,,,
73,フルボディ,3,フルボディ,1,1,拳,渾身の一撃,鉄拳,,,100,30,15,100,海軍将校,,,,,,,〇,,,,,,,,,,,,,,,,,,,,,
74,モッツェルおじさん,1,モッツェルおじさん,1,1,無,盗み食い,,,,100,30,15,100,市民,,,,,,,〇,,,,,,,,,,,,,,,,,,,,,
75,ムーディ,1,ムーディ,1,1,無,,,,,100,30,15,100,市民,,,,,,,〇,,,,,,,,,,,,,,,,,,,,,
76,ゼフ,3,ゼフ,1,1,拳,料理長義足キック,料理長ドロップ,,,100,30,15,100,船長,料理人,,,,,,〇,,,,,,,,,,,,,,,,,,,,,
77,バッチー,1,バッチー,1,1,無,,,,,100,30,15,100,,,,,,,,〇,,,,,,,,,,,,,,,,,,,,,
78,パティ,1,パティ,1,2,銃,食あたり砲弾,連結デザート艦シスターアンコー,,,100,30,15,100,,,,,,,,〇,,,,,,,,,,,,,,,,,,,,,
79,ラインズ一等兵,1,ラインズ,1,1,無,渾身の一撃,,,,100,30,15,100,,,,,,,,〇,,,,,,,,,,,,,,,,,,,,,
80,パンダマン,7,パンダマン,1,1,拳,S・P・D,ジャイアントパンダデスロック,,,100,30,15,100,,,,,,,,〇,,,,,,,,,,,,,,,,,,,,,
81,ギン,3,ギン,1,1,異,面目ねェ面目ねェ！！,鬼人,,,100,30,15,100,,,,,,,,〇,,,,,,,,,,,,,,,,,,,,,
82,カルネ,3,カルネ,1,1,斬,連結鉄板焼きナスガシラ号,,,,100,30,15,100,,,,,,,,〇,,,,,,,,,,,,,,,,,,,,,
83,ロクサーヌ,1,ロクサーヌ,1,1,無,,,,,100,30,15,100,,,,,,,,〇,,,,,,,,,,,,,,,,,,,,,
84,クリーク,4,クリーク,1,2,異,炸裂手裏剣,剣山マント,大戦槍,M・H・5,100,30,15,100,,,,,,,,〇,,,,,,,,,,,,,,,,,,,,,
85,ジュラキュール・ミホーク,6,ミホーク,1,2,斬,推し量るだけだ…,この黒刀からどう逃がす,世界一の斬撃,,100,30,15,100,,,,,,,,〇,,,,,,,,,,,,,,,,,,,,,
86,パール,3,パール,1,1,拳,パールプレゼント,パールクローズ,ファイヤーパール大特典,サービスパールイブシギンプレゼント,100,30,15,100,,,,,,,,〇,,,,,,,,,,,,,,,,,,,,,
87,アイデアマン,1,アイデアマン,1,1,無,渾身の一撃,,,,100,30,15,100,,,,,,,,〇,,,,,,,,,,,,,,,,,,,,,
88,ハッスル,1,ハッスル,1,1,拳,渾身の一撃,,,,100,30,15,100,,,,,,,,〇,,,,,,,,,,,,,,,,,,,,,
89,クマテ族,1,クマテ族,1,1,斬,渾身の一撃,,,,100,30,15,100,,,,,,,,〇,,,,,,,,,,,,,,,,,,,,,
90,カギッコ,1,カギッコ,1,1,無,錠前師,渾身の一撃,,,100,30,15,100,,,,,,,,〇,,,,,,,,,,,,,,,,,,,,,
91,パンサメ,1,パンサメ,1,1,異,渾身の一撃,,,,100,30,15,100,,,,,,,,〇,,,,,,,,,,,,,,,,,,,,,
92,ナミ魚人,1,ナミ魚人,1,1,無,,,,,100,30,15,100,,,,,,,,〇,,,,,,,,,,,,,,,,,,,,,
93,ネズミ,3,ネズミ,1,1,無,渾身の一撃,,,,100,30,15,100,,,,,,,,〇,,,,,,,,,,,,,,,,,,,,,
94,アーロン,4,アーロン,1,1,斬,歯ガム,鮫・ON・DARTS,鮫・ON歯車,,100,30,15,100,,,,,,,,〇,,,,,,,,,,,,,,,,,,,,,
95,はっちゃん,4,はっちゃん,1,1,斬,タコ焼きパンチ,蛸足奇剣,緊急開店タコヤキ8,六刀の円舞曲,100,30,15,100,,,,,,,,〇,,,,,,,,,,,,,,,,,,,,,
96,チャボ,2,チャボ,1,1,斬,渾身の一撃,,,,100,30,15,100,,,,,,,,〇,,,,,,,,,,,,,,,,,,,,,
97,ノジコ,3,ノジコ,1,1,無,渾身の一撃,楽しくやれよっ,,,100,30,15,100,,,,,,,,〇,,,,,,,,,,,,,,,,,,,,,
98,ゲンゾウ,3,ゲンゾウ,1,1,銃,渾身の一撃,我々はこれから精一杯生きようと思う,,,100,30,15,100,,,,,,,,〇,,,,,,,,,,,,,,,,,,,,,
99,カネシロ,1,カネシロ,1,1,斬,渾身の一撃,,,,100,30,15,100,,,,,,,,〇,,,,,,,,,,,,,,,,,,,,,
100,ピサロ,1,ピサロ,1,1,無,渾身の一撃,,,,100,30,15,100,,,,,,,,〇,,,,,,,,,,,,,,,,,,,,,
101,モーム,3,モーム,1,1,異,渾身の一撃,,,,100,30,15,100,,,,,,,,〇,,,,,,,,,,,,,,,,,,,,,
102,チュウ,3,チュウ,1,2,特,水鉄砲,百発水鉄砲,水大砲,,100,30,15,100,,,,,,,,〇,,,,,,,,,,,,,,,,,,,,,
103,クロオビ,3,クロオビ,1,1,拳,腕刀斬り,火華カカト落とし,千枚瓦正拳,圧迫死直下航路,100,30,15,100,,,,,,,,〇,,,,,,,,,,,,,,,,,,,,,
104,シオヤキ,1,シオヤキ,1,1,拳,渾身の一撃,,,,100,30,15,100,,,,,,,,〇,,,,,,,,,,,,,,,,,,,,,
105,タケ,1,タケ,1,1,拳,渾身の一撃,,,,100,30,15,100,,,,,,,,〇,,,,,,,,,,,,,,,,,,,,,
106,プリンプリン,1,プリンプリン,1,1,無,渾身の一撃,,,,100,30,15,100,,,,,,,,〇,,,,,,,,,,,,,,,,,,,,,
107,ベルメール,4,ベルメール,1,1,銃,渾身の一撃,いつでも笑ってられる強さを忘れないで…,口先だけでも親になりたい,,100,30,15,100,,,,,,,,〇,,,,,,,,,,,,,,,,,,,,,
108,Dr.ナコー,1,Dr.ナコー,1,1,無,医術,,,,100,30,15,100,,,,,,,,〇,,,,,,,,,,,,,,,,,,,,,
109,マミーミー,1,マミーミー,1,1,無,,,,,100,30,15,100,,,,,,,,〇,,,,,,,,,,,,,,,,,,,,,
110,サム,1,サム,1,1,無,,,,,100,30,15,100,,,,,,,,〇,,,,,,,,,,,,,,,,,,,,,
111,電伝虫,1,電伝虫,1,1,特,諜報,,,,100,30,15,100,,,,,,,,〇,,,,,,,,,,,,,,,,,,,,,
112,ニュース・クー,1,ニュース・クー,1,1,特,諜報,,,,100,30,15,100,,,,,,,,〇,,,,,,,,,,,,,,,,,,,,,
113,ブランニュー,3,ブランニュー,1,1,斬,渾身の一撃,,,,100,30,15,100,,,,,,,,〇,,,,,,,,,,,,,,,,,,,,,
114,ジョン・ジャイアント,2,ジョン・ジャイアント,1,1,斬,渾身の一撃,,,,100,30,15,100,,,,,,,,〇,,,,,,,,,,,,,,,,,,,,,
115,パッキー,1,パッキー,1,1,拳,渾身の一撃,,,,100,30,15,100,,,,,,,,〇,,,,,,,,,,,,,,,,,,,,,
116,コゼ,1,コゼ,1,1,斬,渾身の一撃,,,,100,30,15,100,,,,,,,,〇,,,,,,,,,,,,,,,,,,,,,
117,ハンガーさん,1,ハンガーさん,1,1,無,渾身の一撃,,,,100,30,15,100,,,,,,,,〇,,,,,,,,,,,,,,,,,,,,,
118,いっぽんマツ,3,いっぽんマツ,1,1,無,渾身の一撃,,,,100,30,15,100,,,,,,,,〇,,,,,,,,,,,,,,,,,,,,,
119,いっぽんウメ,1,いっぽんウメ,1,1,無,渾身の一撃,,,,100,30,15,100,,,,,,,,〇,,,,,,,,,,,,,,,,,,,,,
120,サピー,1,サピー,1,1,無,渾身の一撃,,,,100,30,15,100,,,,,,,,〇,,,,,,,,,,,,,,,,,,,,,
121,マシカク軍曹,1,マシカク,1,1,銃,渾身の一撃,,,,100,30,15,100,,,,,,,,〇,,,,,,,,,,,,,,,,,,,,,
122,スモーカー,5,スモーカー,1,2,特,渾身の一撃,,,,100,30,15,100,,,,,,,,〇,,,,,,,,,,,,,,,,,,,,,
123,ユウ,2,ユウ,1,1,無,渾身の一撃,,,,100,30,15,100,,,,,,,,〇,,,,,,,,,,,,,,,,,,,,,
124,たしぎ,3,たしぎ,1,1,斬,渾身の一撃,,,,100,30,15,100,,,,,,,,〇,,,,,,,,,,,,,,,,,,,,,
125,モンキー・D・ドラゴン,7,ドラゴン,1,1,特,渾身の一撃,,,,100,30,15,100,,,,,,,,〇,,,,,,,,,,,,,,,,,,,,,
126,ラブーン,3,ラブーン,1,1,異,渾身の一撃,,,,100,30,15,100,,,,,,,,,〇,,,,,,,,,,,,,,,,,,,,
127,クロッカス,3,クロッカス,1,1,異,渾身の一撃,,,,100,30,15,100,,,,,,,,,〇,,,,,,,,,,,,,,,,,,,,
128,Mr.9,2,Mr.9,1,1,異,渾身の一撃,,,,100,30,15,100,,,,,,,,,〇,,,,,,,,,,,,,,,,,,,,
129,Mr.13,2,Mr.13,1,1,異,渾身の一撃,,,,100,30,15,100,,,,,,,,,〇,,,,,,,,,,,,,,,,,,,,
130,ミス・フライデー,2,ミス・フライデー,1,3,銃,渾身の一撃,,,,100,30,15,100,,,,,,,,,〇,,,,,,,,,,,,,,,,,,,,
131,雪だるさん,1,雪だるさん,1,1,拳,渾身の一撃,,,,100,30,15,100,,,,,,,,,〇,,,,,,,,,,,,,,,,,,,,
132,スノウクイーン,1,スノウクイーン,1,1,無,渾身の一撃,,,,100,30,15,100,,,,,,,,,〇,,,,,,,,,,,,,,,,,,,,
133,ミス・キャサリーナ,1,ミス・キャサリーナ,1,1,斬,渾身の一撃,,,,100,30,15,100,,,,,,,,,〇,,,,,,,,,,,,,,,,,,,,
134,Mr.ビーンズ,1,Mr.ビーンズ,1,1,銃,渾身の一撃,,,,100,30,15,100,,,,,,,,,〇,,,,,,,,,,,,,,,,,,,,
135,イガラム,3,イガラム,1,2,銃,渾身の一撃,,,,100,30,15,100,,,,,,,,,〇,,,,,,,,,,,,,,,,,,,,
136,Mr.シミズ,1,Mr.シミズ,1,1,無,渾身の一撃,,,,100,30,15,100,,,,,,,,,〇,,,,,,,,,,,,,,,,,,,,
137,ミス・マンデー,2,ミス・マンデー,1,1,拳,渾身の一撃,,,,100,30,15,100,,,,,,,,,〇,,,,,,,,,,,,,,,,,,,,
138,カルー,4,カルー,1,1,異,渾身の一撃,,,,100,30,15,100,,,,,,,,,〇,,,,,,,,,,,,,,,,,,,,
139,ジェム,3,ジェム,1,2,特,渾身の一撃,,,,100,30,15,100,,,,,,,,,〇,,,,,,,,,,,,,,,,,,,,
140,ミキータ,3,ミキータ,1,1,特,渾身の一撃,,,,100,30,15,100,,,,,,,,,〇,,,,,,,,,,,,,,,,,,,,
141,へのへのうんち,1,へのへのうんち,1,1,無,渾身の一撃,,,,100,30,15,100,,,,,,,,,〇,,,,,,,,,,,,,,,,,,,,
142,ブロントザウルス,1,ブロントザウルス,1,1,異,渾身の一撃,,,,100,30,15,100,,,,,,,,,〇,,,,,,,,,,,,,,,,,,,,
143,ルイ・アーノート,1,ルイ・アーノート,1,1,無,渾身の一撃,,,,100,30,15,100,,,,,,,,,〇,,,,,,,,,,,,,,,,,,,,
144,ブロギー,5,ブロギー,1,3,斬,渾身の一撃,,,,100,30,15,100,,,,,,,,,〇,,,,,,,,,,,,,,,,,,,,
145,ドリー,5,ドリー,1,3,斬,渾身の一撃,,,,100,30,15,100,,,,,,,,,〇,,,,,,,,,,,,,,,,,,,,
146,サムライ・バッツ,1,サムライ・バッツ,1,1,無,渾身の一撃,,,,100,30,15,100,,,,,,,,,〇,,,,,,,,,,,,,,,,,,,,
147,ギャルディーノ,4,ギャルディーノ,1,1,特,渾身の一撃,,,,100,30,15,100,,,,,,,,,〇,,,,,,,,,,,,,,,,,,,,
148,マリアンヌ,3,マリアンヌ,1,2,特,渾身の一撃,,,,100,30,15,100,,,,,,,,,〇,,,,,,,,,,,,,,,,,,,,
149,バナナワニ,1,バナナワニ,1,1,異,渾身の一撃,,,,100,30,15,100,,,,,,,,,〇,,,,,,,,,,,,,,,,,,,,
150,Mr.11,1,Mr.11,1,1,無,渾身の一撃,,,,100,30,15,100,,,,,,,,,〇,,,,,,,,,,,,,,,,,,,,
151,島食い,1,島食い,1,1,異,渾身の一撃,,,,100,30,15,100,,,,,,,,,〇,,,,,,,,,,,,,,,,,,,,
152,ユキ,1,ユキ,1,1,無,渾身の一撃,,,,100,30,15,100,,,,,,,,,〇,,,,,,,,,,,,,,,,,,,,
153,アクマイ,1,アクマイ,1,1,無,渾身の一撃,,,,100,30,15,100,,,,,,,,,〇,,,,,,,,,,,,,,,,,,,,
154,ワポル,4,ワポル,1,2,特,渾身の一撃,,,,100,30,15,100,,,,,,,,,〇,,,,,,,,,,,,,,,,,,,,
155,ハイキングベア,2,ハイキングベア,1,1,無,渾身の一撃,,,,100,30,15,100,,,,,,,,,〇,,,,,,,,,,,,,,,,,,,,
156,ネギ熊まりあ,2,ネギ熊まりあ,1,1,無,渾身の一撃,,,,100,30,15,100,,,,,,,,,〇,,,,,,,,,,,,,,,,,,,,
157,ドルトン,3,ドルトン,1,1,斬,渾身の一撃,,,,100,30,15,100,,,,,,,,,〇,,,,,,,,,,,,,,,,,,,,
158,ハイパー雪だるさん,1,ハイパー雪だるさん,1,1,無,渾身の一撃,,,,100,30,15,100,,,,,,,,,〇,,,,,,,,,,,,,,,,,,,,
159,シロラー,1,シロラー,1,1,無,渾身の一撃,,,,100,30,15,100,,,,,,,,,〇,,,,,,,,,,,,,,,,,,,,
160,ラパーン,2,ラパーン,1,1,拳,渾身の一撃,,,,100,30,15,100,,,,,,,,,〇,,,,,,,,,,,,,,,,,,,,
161,タマチビ,1,タマチビ,1,1,無,渾身の一撃,,,,100,30,15,100,,,,,,,,,〇,,,,,,,,,,,,,,,,,,,,
162,Dr.くれは,3,Dr.くれは,1,1,斬,渾身の一撃,,,,100,30,15,100,,,,,,,,,〇,,,,,,,,,,,,,,,,,,,,
163,ロブソン,2,ロブソン,1,1,異,渾身の一撃,,,,100,30,15,100,,,,,,,,,〇,,,,,,,,,,,,,,,,,,,,
164,チェス,3,チェス,1,2,銃,渾身の一撃,,,,100,30,15,100,,,,,,,,,〇,,,,,,,,,,,,,,,,,,,,
165,クロマーリモ,3,クロマーリモ,1,2,特,渾身の一撃,,,,100,30,15,100,,,,,,,,,〇,,,,,,,,,,,,,,,,,,,,
166,イッシー20,1,イッシー20,1,1,無,渾身の一撃,,,,100,30,15,100,,,,,,,,,〇,,,,,,,,,,,,,,,,,,,,
167,スノウバード,2,スノウバード,1,1,無,渾身の一撃,,,,100,30,15,100,,,,,,,,,〇,,,,,,,,,,,,,,,,,,,,
168,Dr.ヒルルク,3,ヒルルク,1,1,銃,渾身の一撃,,,,100,30,15,100,,,,,,,,,〇,,,,,,,,,,,,,,,,,,,,
169,タラッサ・ルーカス,1,タラッサ・ルーカス,1,1,無,渾身の一撃,,,,100,30,15,100,,,,,,,,,〇,,,,,,,,,,,,,,,,,,,,
170,ネフェルタリ・コブラ,4,コブラ,1,1,拳,渾身の一撃,,,,100,30,15,100,,,,,,,,,〇,〇,,,,,,,,,,,,,,,,,,,
171,ユリカー,1,ユリカー,1,1,斬,渾身の一撃,,,,100,30,15,100,,,,,,,,,〇,〇,,,,,,,,,,,,,,,,,,,
172,ベンサム,4,ベンサム,1,1,拳,渾身の一撃,,,,100,30,15,100,,,,,,,,,,〇,,,,,,,,,,,,,,,,,,,
173,プップー,1,プップー,1,1,斬,渾身の一撃,,,,100,30,15,100,,,,,,,,,,〇,,,,,,,,,,,,,,,,,,,
174,クロコダイル,6,クロコダイル,1,2,特,渾身の一撃,,,,100,30,15,100,,,,,,,,,,〇,,,,,,,,,,,,,,,,,,,
175,海ネコ,1,海ネコ,1,1,異,渾身の一撃,,,,100,30,15,100,,,,,,,,,,〇,,,,,,,,,,,,,,,,,,,
176,ヨシモトさん,1,ヨシモトさん,1,1,無,渾身の一撃,,,,100,30,15,100,,,,,,,,,,〇,,,,,,,,,,,,,,,,,,,
177,ポートガス・D・エース,5,エース,1,2,特,渾身の一撃,,,,100,30,15,100,,,,,,,,,,〇,,,,,,,,,,,,,,,,,,,
178,Mr.メロウ,1,Mr.メロウ,1,1,銃,渾身の一撃,,,,100,30,15,100,,,,,,,,,,〇,,,,,,,,,,,,,,,,,,,
179,ドロフィー,3,ドロフィー,1,1,特,渾身の一撃,,,,100,30,15,100,,,,,,,,,,〇,,,,,,,,,,,,,,,,,,,
180,ベーブ ,3,ベーブ ,1,1,異,渾身の一撃,,,,100,30,15,100,,,,,,,,,,〇,,,,,,,,,,,,,,,,,,,
181,ザラ ,3,ザラ ,1,1,特,渾身の一撃,,,,100,30,15,100,,,,,,,,,,〇,,,,,,,,,,,,,,,,,,,
182,ダズ・ボーネス,4,ダズ,1,1,特,渾身の一撃,,,,100,30,15,100,,,,,,,,,,〇,,,,,,,,,,,,,,,,,,,
183,バンチ,1,バンチ,1,1,無,渾身の一撃,,,,100,30,15,100,,,,,,,,,,〇,,,,,,,,,,,,,,,,,,,
184,エリマキランナーズ,1,エリマキランナーズ,1,1,無,渾身の一撃,,,,100,30,15,100,,,,,,,,,,〇,,,,,,,,,,,,,,,,,,,
185,クンフージュゴン,2,クンフージュゴン,1,1,拳,渾身の一撃,,,,100,30,15,100,,,,,,,,,,〇,,,,,,,,,,,,,,,,,,,
186,ワルサギ,1,ワルサギ,1,1,異,渾身の一撃,,,,100,30,15,100,,,,,,,,,,〇,,,,,,,,,,,,,,,,,,,
187,サンドラ大トカゲ,1,サンドラ大トカゲ,1,1,異,渾身の一撃,,,,100,30,15,100,,,,,,,,,,〇,,,,,,,,,,,,,,,,,,,
188,マツゲ,3,マツゲ,1,1,無,渾身の一撃,,,,100,30,15,100,,,,,,,,,,〇,,,,,,,,,,,,,,,,,,,
189,トト,2,トト,1,1,無,渾身の一撃,,,,100,30,15,100,,,,,,,,,,〇,,,,,,,,,,,,,,,,,,,
190,コーザ,3,コーザ,1,1,斬,渾身の一撃,,,,100,30,15,100,,,,,,,,,,〇,,,,,,,,,,,,,,,,,,,
191,おかめ,1,おかめ,1,1,無,渾身の一撃,,,,100,30,15,100,,,,,,,,,,〇,,,,,,,,,,,,,,,,,,,
192,ナットー,1,ナットー,1,1,異,渾身の一撃,,,,100,30,15,100,,,,,,,,,,〇,,,,,,,,,,,,,,,,,,,
193,ケビ,1,ケビ,1,1,異,渾身の一撃,,,,100,30,15,100,,,,,,,,,,〇,,,,,,,,,,,,,,,,,,,
194,アスワ,1,アスワ,1,1,無,渾身の一撃,,,,100,30,15,100,,,,,,,,,,〇,,,,,,,,,,,,,,,,,,,
195,アゴトギ,1,アゴトギ,1,1,斬,渾身の一撃,,,,100,30,15,100,,,,,,,,,,〇,,,,,,,,,,,,,,,,,,,
196,カッパ,2,カッパ,1,1,異,渾身の一撃,,,,100,30,15,100,,,,,,,,,,〇,,,,,,,,,,,,,,,,,,,
197,ファラフラ,2,ファラフラ,1,1,銃,渾身の一撃,,,,100,30,15,100,,,,,,,,,,〇,,,,,,,,,,,,,,,,,,,
198,エリック,1,エリック,1,1,銃,渾身の一撃,,,,100,30,15,100,,,,,,,,,,〇,,,,,,,,,,,,,,,,,,,
199,ペル,3,ペル,1,2,銃,渾身の一撃,,,,100,30,15,100,,,,,,,,,,〇,,,,,,,,,,,,,,,,,,,
200,チャカ,3,チャカ,1,1,斬,渾身の一撃,,,,100,30,15,100,,,,,,,,,,〇,,,,,,,,,,,,,,,,,,,
201,ウルトラキング,1,ウルトラキング,1,1,無,渾身の一撃,,,,100,30,15,100,,,,,,,,,,〇,,,,,,,,,,,,,,,,,,,
202,コアラ組,1,コアラ組,1,1,拳,渾身の一撃,,,,100,30,15,100,,,,,,,,,,〇,,,,,,,,,,,,,,,,,,,
203,ハサミ,2,ハサミ,1,1,異,渾身の一撃,,,,100,30,15,100,,,,,,,,,,〇,,,,,,,,,,,,,,,,,,,
204,F-ワニ,1,F-ワニ,1,1,異,渾身の一撃,,,,100,30,15,100,,,,,,,,,,〇,,,,,,,,,,,,,,,,,,,
205,サンドラマレナマズ,1,サンドラマレナマズ,1,1,異,渾身の一撃,,,,100,30,15,100,,,,,,,,,,〇,,,,,,,,,,,,,,,,,,,
206,ストンプ,2,ストンプ,1,1,異,渾身の一撃,,,,100,30,15,100,,,,,,,,,,〇,,,,,,,,,,,,,,,,,,,
207,イワンX,2,イワンX,1,1,異,渾身の一撃,,,,100,30,15,100,,,,,,,,,,〇,,,,,,,,,,,,,,,,,,,
208,カウボーイ,2,カウボーイ,1,1,異,渾身の一撃,,,,100,30,15,100,,,,,,,,,,〇,,,,,,,,,,,,,,,,,,,
209,バーボンJr.,2,バーボンJr.,1,1,異,渾身の一撃,,,,100,30,15,100,,,,,,,,,,〇,,,,,,,,,,,,,,,,,,,
210,ケンタロウス,2,ケンタロウス,1,1,異,渾身の一撃,,,,100,30,15,100,,,,,,,,,,〇,,,,,,,,,,,,,,,,,,,
211,ヒコイチ,2,ヒコイチ,1,1,異,渾身の一撃,,,,100,30,15,100,,,,,,,,,,〇,,,,,,,,,,,,,,,,,,,
212,ラッスー,2,ラッスー,1,1,銃,渾身の一撃,,,,100,30,15,100,,,,,,,,,,〇,,,,,,,,,,,,,,,,,,,
213,金魚姫,1,金魚姫,1,1,無,渾身の一撃,,,,100,30,15,100,,,,,,,,,,〇,,,,,,,,,,,,,,,,,,,
214,海イノシシ,1,海イノシシ,1,1,異,渾身の一撃,,,,100,30,15,100,,,,,,,,,,〇,,,,,,,,,,,,,,,,,,,
215,アロー,1,アロー,1,1,斬,渾身の一撃,,,,100,30,15,100,,,,,,,,,,〇,,,,,,,,,,,,,,,,,,,
216,ヒョウタ,1,ヒョウタ,1,1,斬,渾身の一撃,,,,100,30,15,100,,,,,,,,,,〇,,,,,,,,,,,,,,,,,,,
217,バレル,1,バレル,1,1,斬,渾身の一撃,,,,100,30,15,100,,,,,,,,,,〇,,,,,,,,,,,,,,,,,,,
218,ブラーム,1,ブラーム,1,1,斬,渾身の一撃,,,,100,30,15,100,,,,,,,,,,〇,,,,,,,,,,,,,,,,,,,
219,オクトパ子,1,オクトパ子,1,1,拳,渾身の一撃,,,,100,30,15,100,,,,,,,,,,〇,,,,,,,,,,,,,,,,,,,
220,マッシュ,1,マッシュ,1,1,特,渾身の一撃,,,,100,30,15,100,,,,,,,,,,〇,,,,,,,,,,,,,,,,,,,
221,ミス・ファーザーズデー,2,ファーザーズデー,1,3,銃,渾身の一撃,,,,100,30,15,100,,,,,,,,,,〇,,,,,,,,,,,,,,,,,,,
222,Mr.7,2,Mr.7,1,3,銃,渾身の一撃,,,,100,30,15,100,,,,,,,,,,〇,,,,,,,,,,,,,,,,,,,
223,Mr.ラブ,1,Mr.ラブ,1,1,無,渾身の一撃,,,,100,30,15,100,,,,,,,,,,〇,,,,,,,,,,,,,,,,,,,
224,ヒナ,3,ヒナ,1,1,特,渾身の一撃,,,,100,30,15,100,,,,,,,,,,〇,,,,,,,,,,,,,,,,,,,
225,トマトギャング,1,トマトギャング,1,1,銃,渾身の一撃,,,,100,30,15,100,,,,,,,,,,〇,,,,,,,,,,,,,,,,,,,
226,Dr.ホウ,1,Dr.ホウ,1,1,無,渾身の一撃,,,,100,30,15,100,,,,,,,,,,〇,,,,,,,,,,,,,,,,,,,
227,テラコッタ,2,テラコッタ,1,1,無,渾身の一撃,,,,100,30,15,100,,,,,,,,,,〇,,,,,,,,,,,,,,,,,,,
228,ハチマキナマズ村の長老,1,ハチマキナマズ村の長老,1,1,無,渾身の一撃,,,,100,30,15,100,,,,,,,,,,〇,,,,,,,,,,,,,,,,,,,
229,シャイン,1,シャイン,1,1,無,渾身の一撃,,,,100,30,15,100,,,,,,,,,,〇,,,,,,,,,,,,,,,,,,,
230,メイディ,1,メイディ,1,1,無,渾身の一撃,,,,100,30,15,100,,,,,,,,,,〇,,,,,,,,,,,,,,,,,,,
231,ネフェルタリ・ティティ,1,ティティ,1,1,無,渾身の一撃,,,,100,30,15,100,,,,,,,,,,〇,,,,,,,,,,,,,,,,,,,
232,マッコー,1,マッコー,1,1,無,渾身の一撃,,,,100,30,15,100,,,,,,,,,,〇,,,,,,,,,,,,,,,,,,,
233,Dr.ポツーン,1,Dr.ポツーン,1,1,無,渾身の一撃,,,,100,30,15,100,,,,,,,,,,〇,,,,,,,,,,,,,,,,,,,
234,ウイリー＝ガロン,1,ウイリー＝ガロン,1,1,無,渾身の一撃,,,,100,30,15,100,,,,,,,,,,,〇,,,,,,,,,,,,,,,,,,
235,マシラ,3,マシラ,1,1,拳,渾身の一撃,,,,100,30,15,100,,,,,,,,,,,〇,,,,,,,,,,,,,,,,,,
237,ロシオ,2,ロシオ,1,1,無,渾身の一撃,,,,100,30,15,100,,,,,,,,,,,〇,,,,,,,,,,,,,,,,,,
238,ベラミー,4,ベラミー,16,2,拳,渾身の一撃,,,,100,30,15,100,,,,,,,,,,,〇,,,,,,,,,,,,,,,,,,
239,スペクトル,1,スペクトル,1,1,無,渾身の一撃,,,,100,30,15,100,,,,,,,,,,,〇,,,,,,,,,,,,,,,,,,
240,サーキース,3,サーキース,1,1,無,渾身の一撃,,,,100,30,15,100,,,,,,,,,,,〇,,,,,,,,,,,,,,,,,,
241,リリー,1,リリー,1,1,無,渾身の一撃,,,,100,30,15,100,,,,,,,,,,,〇,,,,,,,,,,,,,,,,,,
242,リヴァーズ,1,リヴァーズ,1,1,無,渾身の一撃,,,,100,30,15,100,,,,,,,,,,,〇,,,,,,,,,,,,,,,,,,
243,ロス,1,ロス,1,1,無,渾身の一撃,,,,100,30,15,100,,,,,,,,,,,〇,,,,,,,,,,,,,,,,,,
244,エディ,2,エディ,1,1,無,渾身の一撃,,,,100,30,15,100,,,,,,,,,,,〇,,,,,,,,,,,,,,,,,,
245,ヒューイット,1,ヒューイット,1,1,無,渾身の一撃,,,,100,30,15,100,,,,,,,,,,,〇,,,,,,,,,,,,,,,,,,
246,マニ,1,マニ,1,1,無,渾身の一撃,,,,100,30,15,100,,,,,,,,,,,〇,,,,,,,,,,,,,,,,,,
247,ミュレ,1,ミュレ,1,1,無,渾身の一撃,,,,100,30,15,100,,,,,,,,,,,〇,,,,,,,,,,,,,,,,,,
248,テリー,1,テリー,1,1,無,渾身の一撃,,,,100,30,15,100,,,,,,,,,,,〇,,,,,,,,,,,,,,,,,,
249,オコメ,1,オコメ,1,1,無,渾身の一撃,,,,100,30,15,100,,,,,,,,,,,〇,,,,,,,,,,,,,,,,,,
250,ウータンダイバーズ,1,ウータンダイバーズ,1,1,無,渾身の一撃,,,,100,30,15,100,,,,,,,,,,,〇,,,,,,,,,,,,,,,,,,
251,ショウジョウ,3,ショウジョウ,1,1,無,渾身の一撃,,,,100,30,15,100,,,,,,,,,,,〇,,,,,,,,,,,,,,,,,,
252,モンブラン・クリケット,4,クリケット,1,1,無,渾身の一撃,,,,100,30,15,100,,,,,,,,,,,〇,,,,,,,,,,,,,,,,,,
253,サウスバード,2,サウスバード,1,1,無,渾身の一撃,,,,100,30,15,100,,,,,,,,,,,〇,,,,,,,,,,,,,,,,,,
254,ジョボ,2,ジョボ,1,1,無,渾身の一撃,,,,100,30,15,100,,,,,,,,,,,〇,,,,,,,,,,,,,,,,,,
255,親方,1,親方,1,1,無,渾身の一撃,,,,100,30,15,100,,,,,,,,,,,〇,,,,,,,,,,,,,,,,,,
256,ジェイガルシア・サターン聖,6,サターン,1,1,無,渾身の一撃,,,,100,30,15,100,,,,,,,,,,,〇,,,,,,,,,,,,,,,,,,
257,マーカス・マーズ聖,6,マーズ,1,1,無,渾身の一撃,,,,100,30,15,100,,,,,,,,,,,〇,,,,,,,,,,,,,,,,,,
258,トップマン・ウォーキュリー聖,6,ウォーキュリー,1,1,無,渾身の一撃,,,,100,30,15,100,,,,,,,,,,,〇,,,,,,,,,,,,,,,,,,
259,イーザンバロン・Ｖ・ナス寿郎聖,6,ナス寿郎,1,1,無,渾身の一撃,,,,100,30,15,100,,,,,,,,,,,〇,,,,,,,,,,,,,,,,,,
260,シェパード・十・ピーター聖,6,ピーター,1,1,無,渾身の一撃,,,,100,30,15,100,,,,,,,,,,,〇,,,,,,,,,,,,,,,,,,
261,ステンレス,2,ステンレス,1,1,無,渾身の一撃,,,,100,30,15,100,,,,,,,,,,,〇,,,,,,,,,,,,,,,,,,
262,つる,4,つる,1,1,無,渾身の一撃,,,,100,30,15,100,,,,,,,,,,,〇,,,,,,,,,,,,,,,,,,
263,キャンサー,2,キャンサー,1,1,無,渾身の一撃,,,,100,30,15,100,,,,,,,,,,,〇,,,,,,,,,,,,,,,,,,
264,モザンビア,2,モザンビア,1,1,無,渾身の一撃,,,,100,30,15,100,,,,,,,,,,,〇,,,,,,,,,,,,,,,,,,
265,センゴク,7,センゴク,1,1,無,渾身の一撃,,,,100,30,15,100,,,,,,,,,,,〇,,,,,,,,,,,,,,,,,,
266,ドンキホーテ・ドフラミンゴ,6,ドフラミンゴ,1,1,無,渾身の一撃,,,,100,30,15,100,,,,,,,,,,,〇,,,,,,,,,,,,,,,,,,
267,バーソロミュー・くま,6,くま,1,1,無,渾身の一撃,,,,100,30,15,100,,,,,,,,,,,〇,,,,,,,,,,,,,,,,,,
268,ラフィット,3,ラフィット,1,1,無,渾身の一撃,,,,100,30,15,100,,,,,,,,,,,〇,,,,,,,,,,,,,,,,,,
269,ロックスター,2,ロックスター,1,1,無,渾身の一撃,,,,100,30,15,100,,,,,,,,,,,〇,,,,,,,,,,,,,,,,,,
270,エドワード・ニューゲート,7,白ひげ,1,1,無,渾身の一撃,,,,100,30,15,100,,,,,,,,,,,〇,,,,,,,,,,,,,,,,,,
271,テート,1,テート,1,1,無,渾身の一撃,,,,100,30,15,100,,,,,,,,,,,〇,,,,,,,,,,,,,,,,,,
272,ジーザス・バージェス,3,バージェス,1,1,無,渾身の一撃,,,,100,30,15,100,,,,,,,,,,,〇,,,,,,,,,,,,,,,,,,
273,ヴァン・オーガー,3,オーガー,1,1,無,渾身の一撃,,,,100,30,15,100,,,,,,,,,,,〇,,,,,,,,,,,,,,,,,,
274,マーシャル・D・ティーチ,7,ティーチ,1,1,無,渾身の一撃,,,,100,30,15,100,,,,,,,,,,,〇,,,,,,,,,,,,,,,,,,
275,ドクQ,3,ドクQ,1,1,無,渾身の一撃,,,,100,30,15,100,,,,,,,,,,,〇,,,,,,,,,,,,,,,,,,
276,ストロンガー,3,ストロンガー,1,1,無,渾身の一撃,,,,100,30,15,100,,,,,,,,,,,〇,,,,,,,,,,,,,,,,,,
277,空魚,1,空魚,1,1,無,渾身の一撃,,,,100,30,15,100,,,,,,,,,,,〇,,,,,,,,,,,,,,,,,,
278,イレイザー海賊団,1,イレイザー海賊団,1,1,無,渾身の一撃,,,,100,30,15,100,,,,,,,,,,,〇,,,,,,,,,,,,,,,,,,
279,ガン・フォール,4,ガン・フォール,1,1,無,渾身の一撃,,,,100,30,15,100,,,,,,,,,,,〇,,,,,,,,,,,,,,,,,,
280,ピエール,3,ピエール,1,1,無,渾身の一撃,,,,100,30,15,100,,,,,,,,,,,〇,,,,,,,,,,,,,,,,,,
281,アマゾン,3,アマゾン,1,1,無,渾身の一撃,,,,100,30,15,100,,,,,,,,,,,〇,,,,,,,,,,,,,,,,,,
282,特急エビ,1,特急エビ,1,1,無,渾身の一撃,,,,100,30,15,100,,,,,,,,,,,〇,,,,,,,,,,,,,,,,,,
283,コニス,4,コニス,1,1,無,渾身の一撃,,,,100,30,15,100,,,,,,,,,,,〇,,,,,,,,,,,,,,,,,,
284,スー,3,スー,1,1,無,渾身の一撃,,,,100,30,15,100,,,,,,,,,,,〇,,,,,,,,,,,,,,,,,,
285,パガヤ,3,パガヤ,1,1,無,渾身の一撃,,,,100,30,15,100,,,,,,,,,,,〇,,,,,,,,,,,,,,,,,,
286,ホーリー,3,ホーリー,1,1,無,渾身の一撃,,,,100,30,15,100,,,,,,,,,,,〇,,,,,,,,,,,,,,,,,,
287,マッキンリー,2,マッキンリー,1,1,無,渾身の一撃,,,,100,30,15,100,,,,,,,,,,,〇,,,,,,,,,,,,,,,,,,
288,サトリ,3,サトリ,1,1,無,渾身の一撃,,,,100,30,15,100,,,,,,,,,,,〇,,,,,,,,,,,,,,,,,,
289,フザ,3,フザ,1,1,無,渾身の一撃,,,,100,30,15,100,,,,,,,,,,,〇,,,,,,,,,,,,,,,,,,
290,シュラ,3,シュラ,1,1,無,渾身の一撃,,,,100,30,15,100,,,,,,,,,,,〇,,,,,,,,,,,,,,,,,,
291,ハコワン,1,ハコワン,1,1,無,渾身の一撃,,,,100,30,15,100,,,,,,,,,,,〇,,,,,,,,,,,,,,,,,,
292,アイサ,3,アイサ,1,1,無,渾身の一撃,,,,100,30,15,100,,,,,,,,,,,〇,,,,,,,,,,,,,,,,,,
293,カマキリ,3,カマキリ,1,1,無,渾身の一撃,,,,100,30,15,100,,,,,,,,,,,〇,,,,,,,,,,,,,,,,,,
294,ワイパー,4,ワイパー,1,1,無,渾身の一撃,,,,100,30,15,100,,,,,,,,,,,〇,,,,,,,,,,,,,,,,,,
295,ゲンボウ,3,ゲンボウ,1,1,無,渾身の一撃,,,,100,30,15,100,,,,,,,,,,,〇,,,,,,,,,,,,,,,,,,
296,ブラハム,3,ブラハム,1,1,無,渾身の一撃,,,,100,30,15,100,,,,,,,,,,,〇,,,,,,,,,,,,,,,,,,
297,ラキ,3,ラキ,1,1,無,渾身の一撃,,,,100,30,15,100,,,,,,,,,,,〇,,,,,,,,,,,,,,,,,,
298,クラバウターマン,2,クラバウターマン,1,1,無,渾身の一撃,,,,100,30,15,100,,,,,,,,,,,〇,,,,,,,,,,,,,,,,,,
299,オーム,3,オーム,1,1,無,渾身の一撃,,,,100,30,15,100,,,,,,,,,,,〇,,,,,,,,,,,,,,,,,,
300,ゲダツ,4,ゲダツ,1,1,無,渾身の一撃,,,,100,30,15,100,,,,,,,,,,,〇,,,,,,,,,,,,,,,,,,
301,ヤマ,3,ヤマ,1,1,無,渾身の一撃,,,,100,30,15,100,,,,,,,,,,,〇,,,,,,,,,,,,,,,,,,
302,エネル,6,エネル,1,1,無,渾身の一撃,,,,100,30,15,100,,,,,,,,,,,〇,,,,,,,,,,,,,,,,,,
303,ノラ,3,ノラ,1,1,無,渾身の一撃,,,,100,30,15,100,,,,,,,,,,,〇,,,,,,,,,,,,,,,,,,
304,イーサ,1,イーサ,1,1,無,渾身の一撃,,,,100,30,15,100,,,,,,,,,,,〇,,,,,,,,,,,,,,,,,,
305,ゴーデ,2,ゴーデ,1,1,無,渾身の一撃,,,,100,30,15,100,,,,,,,,,,,〇,,,,,,,,,,,,,,,,,,
306,キンデレラ,2,キンデレラ,1,1,無,渾身の一撃,,,,100,30,15,100,,,,,,,,,,,〇,,,,,,,,,,,,,,,,,,
307,ホトリ,2,ホトリ,1,1,無,渾身の一撃,,,,100,30,15,100,,,,,,,,,,,〇,,,,,,,,,,,,,,,,,,
308,コトリ,2,コトリ,1,1,無,渾身の一撃,,,,100,30,15,100,,,,,,,,,,,〇,,,,,,,,,,,,,,,,,,
309,ヨツバネ,1,ヨツバネ,1,1,無,渾身の一撃,,,,100,30,15,100,,,,,,,,,,,〇,,,,,,,,,,,,,,,,,,
310,マユシカ,1,マユシカ,1,1,無,渾身の一撃,,,,100,30,15,100,,,,,,,,,,,〇,,,,,,,,,,,,,,,,,,
311,ワラシ,1,ワラシ,1,1,無,渾身の一撃,,,,100,30,15,100,,,,,,,,,,,〇,,,,,,,,,,,,,,,,,,
312,モイル,1,モイル,1,1,無,渾身の一撃,,,,100,30,15,100,,,,,,,,,,,〇,,,,,,,,,,,,,,,,,,
313,モチ,2,モチ,1,1,無,渾身の一撃,,,,100,30,15,100,,,,,,,,,,,〇,,,,,,,,,,,,,,,,,,
314,酋長,3,酋長,1,1,無,渾身の一撃,,,,100,30,15,100,,,,,,,,,,,〇,,,,,,,,,,,,,,,,,,
315,Dr.クロツル,2,クロツル,1,1,無,渾身の一撃,,,,100,30,15,100,,,,,,,,,,,〇,,,,,,,,,,,,,,,,,,
316,モーダ,3,モーダ,1,1,無,渾身の一撃,,,,100,30,15,100,,,,,,,,,,,〇,,,,,,,,,,,,,,,,,,
317,カルガラ,4,カルガラ,1,1,無,渾身の一撃,,,,100,30,15,100,,,,,,,,,,,〇,,,,,,,,,,,,,,,,,,
318,モンブラン・ノーランド,4,ノーランド,1,1,無,渾身の一撃,,,,100,30,15,100,,,,,,,,,,,〇,,,,,,,,,,,,,,,,,,
319,チヤ,1,チヤ,1,1,無,渾身の一撃,,,,100,30,15,100,,,,,,,,,,,〇,,,,,,,,,,,,,,,,,,
320,セト,2,セト,1,1,無,渾身の一撃,,,,100,30,15,100,,,,,,,,,,,〇,,,,,,,,,,,,,,,,,,
321,ムース,2,ムース,1,1,無,渾身の一撃,,,,100,30,15,100,,,,,,,,,,,〇,,,,,,,,,,,,,,,,,,
322,ハーブ,1,ハーブ,1,1,無,渾身の一撃,,,,100,30,15,100,,,,,,,,,,,〇,,,,,,,,,,,,,,,,,,
323,Dr.ホンナー,2,ホンナー,1,1,無,渾身の一撃,,,,100,30,15,100,,,,,,,,,,,〇,,,,,,,,,,,,,,,,,,
324,カシ神,1,カシ神,1,1,無,渾身の一撃,,,,100,30,15,100,,,,,,,,,,,〇,,,,,,,,,,,,,,,,,,
325,コバーン,1,コバーン,1,1,無,渾身の一撃,,,,100,30,15,100,,,,,,,,,,,〇,,,,,,,,,,,,,,,,,,
326,コーミル,2,コーミル,1,1,無,渾身の一撃,,,,100,30,15,100,,,,,,,,,,,〇,,,,,,,,,,,,,,,,,,
327,カシ神の子,1,カシ神の子,1,1,無,渾身の一撃,,,,100,30,15,100,,,,,,,,,,,〇,,,,,,,,,,,,,,,,,,
328,アルユータヤン五世,1,アルユータヤン五世,1,1,無,渾身の一撃,,,,100,30,15,100,,,,,,,,,,,〇,,,,,,,,,,,,,,,,,,
329,ウバウ,1,ウバウ,1,1,無,渾身の一撃,,,,100,30,15,100,,,,,,,,,,,〇,,,,,,,,,,,,,,,,,,
330,マリリン,1,マリリン,1,1,無,渾身の一撃,,,,100,30,15,100,,,,,,,,,,,〇,,,,,,,,,,,,,,,,,,
331,キュージ,1,キュージ,1,1,無,渾身の一撃,,,,100,30,15,100,,,,,,,,,,,〇,,,,,,,,,,,,,,,,,,
332,コーダ,1,コーダ,1,1,無,渾身の一撃,,,,100,30,15,100,,,,,,,,,,,〇,,,,,,,,,,,,,,,,,,
333,タコバルーン,1,タコバルーン,1,1,無,渾身の一撃,,,,100,30,15,100,,,,,,,,,,,〇,,,,,,,,,,,,,,,,,,
334,シーモンキー,1,シーモンキー,1,1,無,渾身の一撃,,,,100,30,15,100,,,,,,,,,,,,〇,,,,,,,,,,,,,,,,,
335,七色ウツボブラザーズ,1,七色ウツボブラザーズ,1,1,無,渾身の一撃,,,,100,30,15,100,,,,,,,,,,,,〇,,,,,,,,,,,,,,,,,
336,ダッ～～～～クスフント,1,ダッ～クスフント,1,1,無,渾身の一撃,,,,100,30,15,100,,,,,,,,,,,,〇,,,,,,,,,,,,,,,,,
337,シェリー,3,シェリー,1,1,無,渾身の一撃,,,,100,30,15,100,,,,,,,,,,,,〇,,,,,,,,,,,,,,,,,
338,トンジット,4,トンジット,1,1,無,渾身の一撃,,,,100,30,15,100,,,,,,,,,,,,〇,,,,,,,,,,,,,,,,,
339,カ～～～～モノハシ,1,カ～モノハシ,1,1,無,渾身の一撃,,,,100,30,15,100,,,,,,,,,,,,〇,,,,,,,,,,,,,,,,,
340,ユキヒョ～～～～ウ,1,ユキヒョ～ウ,1,1,無,渾身の一撃,,,,100,30,15,100,,,,,,,,,,,,〇,,,,,,,,,,,,,,,,,
341,ポルチェ,2,ポルチェ,1,1,無,渾身の一撃,,,,100,30,15,100,,,,,,,,,,,,〇,,,,,,,,,,,,,,,,,
342,フォクシー,4,フォクシー,1,1,無,渾身の一撃,,,,100,30,15,100,,,,,,,,,,,,〇,,,,,,,,,,,,,,,,,
343,ハンバーグ,2,ハンバーグ,1,1,無,渾身の一撃,,,,100,30,15,100,,,,,,,,,,,,〇,,,,,,,,,,,,,,,,,
344,ギバガエル,1,ギバガエル,1,1,無,渾身の一撃,,,,100,30,15,100,,,,,,,,,,,,〇,,,,,,,,,,,,,,,,,
345,イトミミズ,1,イトミミズ,1,1,無,渾身の一撃,,,,100,30,15,100,,,,,,,,,,,,〇,,,,,,,,,,,,,,,,,
346,チュチューン,1,チュチューン,1,1,無,渾身の一撃,,,,100,30,15,100,,,,,,,,,,,,〇,,,,,,,,,,,,,,,,,
347,カポーティ,1,カポーティ,1,1,無,渾身の一撃,,,,100,30,15,100,,,,,,,,,,,,〇,,,,,,,,,,,,,,,,,
348,モンダ,1,モンダ,1,1,無,渾身の一撃,,,,100,30,15,100,,,,,,,,,,,,〇,,,,,,,,,,,,,,,,,
349,ピクルス,2,ピクルス,1,1,無,渾身の一撃,,,,100,30,15,100,,,,,,,,,,,,〇,,,,,,,,,,,,,,,,,
350,ビッグパン,2,ビッグパン,1,1,無,渾身の一撃,,,,100,30,15,100,,,,,,,,,,,,〇,,,,,,,,,,,,,,,,,
351,マウンテンリッキー,1,マウンテンリッキー,1,1,無,渾身の一撃,,,,100,30,15,100,,,,,,,,,,,,〇,,,,,,,,,,,,,,,,,
352,ジョージ・マッハ,1,ジョージ・マッハ,1,1,無,渾身の一撃,,,,100,30,15,100,,,,,,,,,,,,〇,,,,,,,,,,,,,,,,,
353,ゴロー,2,ゴロー,1,1,無,渾身の一撃,,,,100,30,15,100,,,,,,,,,,,,〇,,,,,,,,,,,,,,,,,
354,ソニエ,1,ソニエ,1,1,無,渾身の一撃,,,,100,30,15,100,,,,,,,,,,,,〇,,,,,,,,,,,,,,,,,
355,ドノバン,1,ドノバン,1,1,無,渾身の一撃,,,,100,30,15,100,,,,,,,,,,,,〇,,,,,,,,,,,,,,,,,
356,ジーナ,1,ジーナ,1,1,無,渾身の一撃,,,,100,30,15,100,,,,,,,,,,,,〇,,,,,,,,,,,,,,,,,
357,クザン,6,クザン,1,1,無,渾身の一撃,,,,100,30,15,100,,,,,,,,,,,,〇,,,,,,,,,,,,,,,,,
358,近海の主（ロングリングロングランド）,1,近海の主（ロングリングロングランド）,1,1,無,渾身の一撃,,,,100,30,15,100,,,,,,,,,,,,〇,,,,,,,,,,,,,,,,,
359,チムニー,3,チムニー,1,1,無,渾身の一撃,,,,100,30,15,100,,,,,,,,,,,,,〇,,,,,,,,,,,,,,,,
360,ゴンベ,3,ゴンベ,1,1,無,渾身の一撃,,,,100,30,15,100,,,,,,,,,,,,,〇,,,,,,,,,,,,,,,,
361,ココロ,3,ココロ,1,1,無,渾身の一撃,,,,100,30,15,100,,,,,,,,,,,,,〇,,,,,,,,,,,,,,,,
362,ミカヅキ,2,ミカヅキ,1,1,無,渾身の一撃,,,,100,30,15,100,,,,,,,,,,,,,〇,,,,,,,,,,,,,,,,
363,ヤガラ,1,ヤガラ,1,1,無,渾身の一撃,,,,100,30,15,100,,,,,,,,,,,,,〇,,,,,,,,,,,,,,,,
364,ミショイン・キャシブル,1,ミショイン・キャシブル,1,1,無,渾身の一撃,,,,100,30,15,100,,,,,,,,,,,,,〇,,,,,,,,,,,,,,,,
365,ザンバイ,3,ザンバイ,1,1,無,渾身の一撃,,,,100,30,15,100,,,,,,,,,,,,,〇,,,,,,,,,,,,,,,,
366,ショルゾウ,1,ショルゾウ,1,1,無,渾身の一撃,,,,100,30,15,100,,,,,,,,,,,,,〇,,,,,,,,,,,,,,,,
367,コップ,1,コップ,1,1,無,渾身の一撃,,,,100,30,15,100,,,,,,,,,,,,,〇,,,,,,,,,,,,,,,,
368,タマゴン,1,タマゴン,1,1,無,渾身の一撃,,,,100,30,15,100,,,,,,,,,,,,,〇,,,,,,,,,,,,,,,,
369,キエフ,1,キエフ,1,1,無,渾身の一撃,,,,100,30,15,100,,,,,,,,,,,,,〇,,,,,,,,,,,,,,,,
370,イーシゴ・シテマンナ,1,イーシゴ・シテマンナ,1,1,無,渾身の一撃,,,,100,30,15,100,,,,,,,,,,,,,〇,,,,,,,,,,,,,,,,
371,カク,4,カク,1,1,無,渾身の一撃,,,,100,30,15,100,,,,,,,,,,,,,〇,,,,,,,,,,,,,,,,
372,土番長,1,土番長,1,1,無,渾身の一撃,,,,100,30,15,100,,,,,,,,,,,,,〇,,,,,,,,,,,,,,,,
373,アイスバーグ,4,アイスバーグ,1,1,無,渾身の一撃,,,,100,30,15,100,,,,,,,,,,,,,〇,,,,,,,,,,,,,,,,
374,ティラノサウルス,3,ティラノサウルス,1,1,無,渾身の一撃,,,,100,30,15,100,,,,,,,,,,,,,〇,,,,,,,,,,,,,,,,
375,カリファ,4,カリファ,1,1,無,渾身の一撃,,,,100,30,15,100,,,,,,,,,,,,,〇,,,,,,,,,,,,,,,,
376,パウリー,4,パウリー,1,1,無,渾身の一撃,,,,100,30,15,100,,,,,,,,,,,,,〇,,,,,,,,,,,,,,,,
377,ロブ・ルッチ,6,ルッチ,1,1,無,渾身の一撃,,,,100,30,15,100,,,,,,,,,,,,,〇,,,,,,,,,,,,,,,,
378,ハットリ,3,ハットリ,1,1,無,渾身の一撃,,,,100,30,15,100,,,,,,,,,,,,,〇,,,,,,,,,,,,,,,,
379,ピープリ―・ルル,3,ルル,1,1,無,渾身の一撃,,,,100,30,15,100,,,,,,,,,,,,,〇,,,,,,,,,,,,,,,,
380,コーミル,2,コーミル,1,1,無,渾身の一撃,,,,100,30,15,100,,,,,,,,,,,,,〇,,,,,,,,,,,,,,,,
381,森番長,1,森番長,1,1,無,渾身の一撃,,,,100,30,15,100,,,,,,,,,,,,,〇,,,,,,,,,,,,,,,,
382,カクカクさん,1,カクカクさん,1,1,無,渾身の一撃,,,,100,30,15,100,,,,,,,,,,,,,〇,,,,,,,,,,,,,,,,
383,Dr.キューキュー,1,Dr.キューキュー,1,1,無,渾身の一撃,,,,100,30,15,100,,,,,,,,,,,,,〇,,,,,,,,,,,,,,,,
384,キウイ,3,キウイ,1,1,無,渾身の一撃,,,,100,30,15,100,,,,,,,,,,,,,〇,,,,,,,,,,,,,,,,
385,モズ,3,モズ,1,1,無,渾身の一撃,,,,100,30,15,100,,,,,,,,,,,,,〇,,,,,,,,,,,,,,,,
386,タイルストン,3,タイルストン,1,1,無,渾身の一撃,,,,100,30,15,100,,,,,,,,,,,,,〇,,,,,,,,,,,,,,,,
387,ブルーノ,4,ブルーノ,1,1,無,渾身の一撃,,,,100,30,15,100,,,,,,,,,,,,,〇,,,,,,,,,,,,,,,,
388,ハッパ・ヤマオ,2,ハッパ・ヤマオ,1,1,無,渾身の一撃,,,,100,30,15,100,,,,,,,,,,,,,〇,,,,,,,,,,,,,,,,
389,トム,4,トム,1,1,無,渾身の一撃,,,,100,30,15,100,,,,,,,,,,,,,〇,,,,,,,,,,,,,,,,
390,ヨコヅナ,2,ヨコヅナ,1,1,無,渾身の一撃,,,,100,30,15,100,,,,,,,,,,,,,〇,,,,,,,,,,,,,,,,
391,ジョルジ,1,ジョルジ,1,1,無,渾身の一撃,,,,100,30,15,100,,,,,,,,,,,,,〇,,,,,,,,,,,,,,,,
392,スパンダム,3,スパンダム,1,1,無,渾身の一撃,,,,100,30,15,100,,,,,,,,,,,,,〇,,,,,,,,,,,,,,,,
393,CP5,1,CP5,1,1,無,渾身の一撃,,,,100,30,15,100,,,,,,,,,,,,,〇,,,,,,,,,,,,,,,,
394,ブション,1,ブション,1,1,無,渾身の一撃,,,,100,30,15,100,,,,,,,,,,,,,〇,,,,,,,,,,,,,,,,
395,ステイビー,1,ステイビー,1,1,無,渾身の一撃,,,,100,30,15,100,,,,,,,,,,,,,〇,,,,,,,,,,,,,,,,
396,ジェリー,3,ジェリー,1,1,無,渾身の一撃,,,,100,30,15,100,,,,,,,,,,,,,〇,,,,,,,,,,,,,,,,
397,ソドム,2,ソドム,1,1,無,渾身の一撃,,,,100,30,15,100,,,,,,,,,,,,,〇,,,,,,,,,,,,,,,,
398,ゴモラ,2,ゴモラ,1,1,無,渾身の一撃,,,,100,30,15,100,,,,,,,,,,,,,〇,,,,,,,,,,,,,,,,
399,Tボーン,3,Tボーン,1,1,無,渾身の一撃,,,,100,30,15,100,,,,,,,,,,,,,〇,,,,,,,,,,,,,,,,
400,ワンゼ,3,ワンゼ,1,1,無,渾身の一撃,,,,100,30,15,100,,,,,,,,,,,,,〇,,,,,,,,,,,,,,,,
401,ネロ,3,ネロ,1,1,無,渾身の一撃,,,,100,30,15,100,,,,,,,,,,,,,〇,,,,,,,,,,,,,,,,
402,マイケル,2,マイケル,1,1,無,渾身の一撃,,,,100,30,15,100,,,,,,,,,,,,,〇,,,,,,,,,,,,,,,,
403,ホイケル,2,ホイケル,1,1,無,渾身の一撃,,,,100,30,15,100,,,,,,,,,,,,,〇,,,,,,,,,,,,,,,,
404,ジャブラ,4,ジャブラ,1,1,無,渾身の一撃,,,,100,30,15,100,,,,,,,,,,,,,〇,,,,,,,,,,,,,,,,
405,フクロウ,4,フクロウ,1,1,無,渾身の一撃,,,,100,30,15,100,,,,,,,,,,,,,〇,,,,,,,,,,,,,,,,
406,クマドリ,4,クマドリ,1,1,無,渾身の一撃,,,,100,30,15,100,,,,,,,,,,,,,〇,,,,,,,,,,,,,,,,
407,ダゴ,1,ダゴ,1,1,無,渾身の一撃,,,,100,30,15,100,,,,,,,,,,,,,〇,,,,,,,,,,,,,,,,
408,オットランド,1,オットランド,1,1,無,渾身の一撃,,,,100,30,15,100,,,,,,,,,,,,,〇,,,,,,,,,,,,,,,,
409,フットビヤンコ,1,フットビヤンコ,1,1,無,渾身の一撃,,,,100,30,15,100,,,,,,,,,,,,,〇,,,,,,,,,,,,,,,,
410,カーシー,3,カーシー,1,1,無,渾身の一撃,,,,100,30,15,100,,,,,,,,,,,,,〇,,,,,,,,,,,,,,,,
411,オイモ,3,オイモ,1,1,無,渾身の一撃,,,,100,30,15,100,,,,,,,,,,,,,〇,,,,,,,,,,,,,,,,
412,ギャサリン,1,ギャサリン,1,1,無,渾身の一撃,,,,100,30,15,100,,,,,,,,,,,,,〇,,,,,,,,,,,,,,,,
413,バスカビル,1,バスカビル,1,1,無,渾身の一撃,,,,100,30,15,100,,,,,,,,,,,,,〇,,,,,,,,,,,,,,,,
414,法の番犬部隊,1,法の番犬部隊,1,1,無,渾身の一撃,,,,100,30,15,100,,,,,,,,,,,,,〇,,,,,,,,,,,,,,,,
415,有罪陪審員,1,有罪陪審員,1,1,無,渾身の一撃,,,,100,30,15,100,,,,,,,,,,,,,〇,,,,,,,,,,,,,,,,
416,ロジ,1,ロジ,1,1,無,渾身の一撃,,,,100,30,15,100,,,,,,,,,,,,,〇,,,,,,,,,,,,,,,,
417,ミズイラ,1,ミズイラ,1,1,無,渾身の一撃,,,,100,30,15,100,,,,,,,,,,,,,〇,,,,,,,,,,,,,,,,
418,オラン,1,オラン,1,1,無,渾身の一撃,,,,100,30,15,100,,,,,,,,,,,,,〇,,,,,,,,,,,,,,,,
419,ブッシリ,1,ブッシリ,1,1,無,渾身の一撃,,,,100,30,15,100,,,,,,,,,,,,,〇,,,,,,,,,,,,,,,,
420,ロシュ,1,ロシュ,1,1,無,渾身の一撃,,,,100,30,15,100,,,,,,,,,,,,,〇,,,,,,,,,,,,,,,,
421,ハック,1,ハック,1,1,無,渾身の一撃,,,,100,30,15,100,,,,,,,,,,,,,〇,,,,,,,,,,,,,,,,
422,リント,1,リント,1,1,無,渾身の一撃,,,,100,30,15,100,,,,,,,,,,,,,〇,,,,,,,,,,,,,,,,
423,グラム,1,グラム,1,1,無,渾身の一撃,,,,100,30,15,100,,,,,,,,,,,,,〇,,,,,,,,,,,,,,,,
424,ゼイディー,1,ゼイディー,1,1,無,渾身の一撃,,,,100,30,15,100,,,,,,,,,,,,,〇,,,,,,,,,,,,,,,,
425,ホチャ,1,ホチャ,1,1,無,渾身の一撃,,,,100,30,15,100,,,,,,,,,,,,,〇,,,,,,,,,,,,,,,,
426,クローバー,4,クローバー,1,1,無,渾身の一撃,,,,100,30,15,100,,,,,,,,,,,,,〇,,,,,,,,,,,,,,,,
427,ハグワール・D・サウロ,4,サウロ,1,1,無,渾身の一撃,,,,100,30,15,100,,,,,,,,,,,,,〇,,,,,,,,,,,,,,,,
428,スパンダイン,3,スパンダイン,1,1,無,渾身の一撃,,,,100,30,15,100,,,,,,,,,,,,,〇,,,,,,,,,,,,,,,,
429,ラスキー,2,ラスキー,1,1,無,渾身の一撃,,,,100,30,15,100,,,,,,,,,,,,,〇,,,,,,,,,,,,,,,,
430,ツムッシュ・カマヤ,1,ツムッシュ・カマヤ,1,1,無,渾身の一撃,,,,100,30,15,100,,,,,,,,,,,,,〇,,,,,,,,,,,,,,,,
431,ニコ・オルビア,4,ニコ・オルビア,1,1,無,渾身の一撃,,,,100,30,15,100,,,,,,,,,,,,,〇,,,,,,,,,,,,,,,,
432,カネゼニー,1,カネゼニー,1,1,無,渾身の一撃,,,,100,30,15,100,,,,,,,,,,,,,〇,,,,,,,,,,,,,,,,
433,ニゲラッタ,1,ニゲラッタ,1,1,無,渾身の一撃,,,,100,30,15,100,,,,,,,,,,,,,〇,,,,,,,,,,,,,,,,
434,チェスキッパ,1,チェスキッパ,1,1,無,渾身の一撃,,,,100,30,15,100,,,,,,,,,,,,,〇,,,,,,,,,,,,,,,,
435,ファンクフリード,3,ファンクフリード,1,1,無,渾身の一撃,,,,100,30,15,100,,,,,,,,,,,,,〇,,,,,,,,,,,,,,,,
436,スズメ,1,スズメ,1,1,無,渾身の一撃,,,,100,30,15,100,,,,,,,,,,,,,〇,,,,,,,,,,,,,,,,
437,モモンガ,4,モモンガ,1,1,無,渾身の一撃,,,,100,30,15,100,,,,,,,,,,,,,〇,,,,,,,,,,,,,,,,
442,ベリーグッド,2,ベリーグッド,1,1,無,渾身の一撃,,,,100,30,15,100,,,,,,,,,,,,,〇,,,,,,,,,,,,,,,,
443,シュウ,2,シュウ,1,1,無,渾身の一撃,,,,100,30,15,100,,,,,,,,,,,,,〇,,,,,,,,,,,,,,,,
444,シャリングル,2,シャリングル,1,1,無,渾身の一撃,,,,100,30,15,100,,,,,,,,,,,,,〇,,,,,,,,,,,,,,,,
445,モンキー・D・ガープ,7,ガープ,1,1,無,渾身の一撃,,,,100,30,15,100,,,,,,,,,,,,,〇,,,,,,,,,,,,,,,,
446,マルコ,6,マルコ,1,1,無,渾身の一撃,,,,100,30,15,100,,,,,,,,,,,,,〇,,,,,,,,,,,,,,,,
447,ジョズ,4,ジョズ,1,1,無,渾身の一撃,,,,100,30,15,100,,,,,,,,,,,,,〇,,,,,,,,,,,,,,,,
448,スペーシー中尉,1,スペーシー中尉,1,1,無,渾身の一撃,,,,100,30,15,100,,,,,,,,,,,,,〇,,,,,,,,,,,,,,,,
449,アタッチ,1,アタッチ,1,1,無,渾身の一撃,,,,100,30,15,100,,,,,,,,,,,,,〇,,,,,,,,,,,,,,,,
450,マルミエータ,1,マルミエータ,1,1,無,渾身の一撃,,,,100,30,15,100,,,,,,,,,,,,,〇,,,,,,,,,,,,,,,,
451,ヤメナハーレ,1,ヤメナハーレ,1,1,無,渾身の一撃,,,,100,30,15,100,,,,,,,,,,,,,〇,,,,,,,,,,,,,,,,
452,コスモ軍曹,1,コスモ軍曹,1,1,無,渾身の一撃,,,,100,30,15,100,,,,,,,,,,,,,〇,,,,,,,,,,,,,,,,
453,ギャラクシー将軍,1,ギャラクシー将軍,1,1,無,渾身の一撃,,,,100,30,15,100,,,,,,,,,,,,,〇,,,,,,,,,,,,,,,,
454,マクロ大佐,1,マクロ大佐,1,1,無,渾身の一撃,,,,100,30,15,100,,,,,,,,,,,,,〇,,,,,,,,,,,,,,,,
455,キャプテン・シーマーズ,1,キャプテン・シーマーズ,1,1,無,渾身の一撃,,,,100,30,15,100,,,,,,,,,,,,,〇,,,,,,,,,,,,,,,,
456,テリー・ギルテオ,1,テリー・ギルテオ,1,1,無,渾身の一撃,,,,100,30,15,100,,,,,,,,,,,,,〇,,,,,,,,,,,,,,,,
457,サッチ,2,サッチ,1,1,無,渾身の一撃,,,,100,30,15,100,,,,,,,,,,,,,〇,,,,,,,,,,,,,,,,
462,シンドリー,3,シンドリー,1,1,無,渾身の一撃,,,,100,30,15,100,,,,,,,,,,,,,,〇,,,,,,,,,,,,,,,
463,ホグバック,3,ホグバック,1,1,無,渾身の一撃,,,,100,30,15,100,,,,,,,,,,,,,,〇,,,,,,,,,,,,,,,
468,クマシー,2,クマシー,1,1,無,渾身の一撃,,,,100,30,15,100,,,,,,,,,,,,,,〇,,,,,,,,,,,,,,,
472,アブサロム,3,アブサロム,1,1,無,渾身の一撃,,,,100,30,15,100,,,,,,,,,,,,,,〇,,,,,,,,,,,,,,,
473,ペローナ,4,ペローナ,1,1,無,渾身の一撃,,,,100,30,15,100,,,,,,,,,,,,,,〇,,,,,,,,,,,,,,,
475,リューマ,5,リューマ,1,1,無,渾身の一撃,,,,100,30,15,100,,,,,,,,,,,,,,〇,,,,,,,,,,,,,,,
477,シャーロット・ローラ,4,ローラ,1,1,無,渾身の一撃,,,,100,30,15,100,,,,,,,,,,,,,,〇,,,,,,,,,,,,,,,
480,ジゴロウ,3,ジゴロウ,1,1,無,渾身の一撃,,,,100,30,15,100,,,,,,,,,,,,,,〇,,,,,,,,,,,,,,,
483,ゲッコー・モリア,6,モリア,1,1,無,渾身の一撃,,,,100,30,15,100,,,,,,,,,,,,,,〇,,,,,,,,,,,,,,,
484,オーズ ,5,オーズ ,1,1,無,渾身の一撃,,,,100,30,15,100,,,,,,,,,,,,,,〇,,,,,,,,,,,,,,,
489,マルガリータ,1,マルガリータ,1,1,無,渾身の一撃,,,,100,30,15,100,,,,,,,,,,,,,,〇,,,,,,,,,,,,,,,
493,海兎,1,海兎,1,1,無,渾身の一撃,,,,100,30,15,100,,,,,,,,,,,,,,,〇,,,,,,,,,,,,,,
494,ケイミー,4,ケイミー,1,1,無,渾身の一撃,,,,100,30,15,100,,,,,,,,,,,,,,,〇,,,,,,,,,,,,,,
495,パッパグ,3,パッパグ,1,1,無,渾身の一撃,,,,100,30,15,100,,,,,,,,,,,,,,,〇,,,,,,,,,,,,,,
496,デュバル,3,デュバル,1,1,無,渾身の一撃,,,,100,30,15,100,,,,,,,,,,,,,,,〇,,,,,,,,,,,,,,
500,モトバロ,1,モトバロ,1,1,無,渾身の一撃,,,,100,30,15,100,,,,,,,,,,,,,,,〇,,,,,,,,,,,,,,
501,アントニオ,1,アントニオ,1,1,無,渾身の一撃,,,,100,30,15,100,,,,,,,,,,,,,,,〇,,,,,,,,,,,,,,
502,デビル・ディアス,2,デビル・ディアス,1,1,無,渾身の一撃,,,,100,30,15,100,,,,,,,,,,,,,,,〇,,,,,,,,,,,,,,
503,サルウ,1,サルウ,1,1,無,渾身の一撃,,,,100,30,15,100,,,,,,,,,,,,,,,〇,,,,,,,,,,,,,,
504,シャルリア宮,3,シャルリア,1,1,無,渾身の一撃,,,,100,30,15,100,,,,,,,,,,,,,,,〇,,,,,,,,,,,,,,
505,ロズワード聖,3,ロズワード,1,1,無,渾身の一撃,,,,100,30,15,100,,,,,,,,,,,,,,,〇,,,,,,,,,,,,,,
506,ジャンバール,2,ジャンバール,1,1,無,渾身の一撃,,,,100,30,15,100,,,,,,,,,,,,,,,〇,,,,,,,,,,,,,,
507,カイリケン,1,カイリケン,1,1,無,渾身の一撃,,,,100,30,15,100,,,,,,,,,,,,,,,〇,,,,,,,,,,,,,,
508,ミノルバ,1,ミノルバ,1,1,無,渾身の一撃,,,,100,30,15,100,,,,,,,,,,,,,,,〇,,,,,,,,,,,,,,
509,シャクヤク,5,シャクヤク,1,1,無,渾身の一撃,,,,100,30,15,100,,,,,,,,,,,,,,,〇,,,,,,,,,,,,,,
510,カポネ・ベッジ,6,ベッジ,1,1,無,渾身の一撃,,,,100,30,15,100,,,,,,,,,,,,,,,〇,,,,,,,,,,,,,,
511,ジュエリー・ボニー,6,ボニー,1,1,無,渾身の一撃,,,,100,30,15,100,,,,,,,,,,,,,,,〇,,,,,,,,,,,,,,
512,バジル・ホーキンス,6,ホーキンス,1,1,無,渾身の一撃,,,,100,30,15,100,,,,,,,,,,,,,,,〇,,,,,,,,,,,,,,
513,ユースタス・キッド,6,キッド,1,1,無,渾身の一撃,,,,100,30,15,100,,,,,,,,,,,,,,,〇,,,,,,,,,,,,,,
514,スクラッチメン・アプー,6,アプー,1,1,無,渾身の一撃,,,,100,30,15,100,,,,,,,,,,,,,,,〇,,,,,,,,,,,,,,
515,X・ドレーク,6,ドレーク,1,1,無,渾身の一撃,,,,100,30,15,100,,,,,,,,,,,,,,,〇,,,,,,,,,,,,,,
516,ウルージ,6,ウルージ,1,1,無,渾身の一撃,,,,100,30,15,100,,,,,,,,,,,,,,,〇,,,,,,,,,,,,,,
517,キラー,6,キラー,1,1,無,渾身の一撃,,,,100,30,15,100,,,,,,,,,,,,,,,〇,,,,,,,,,,,,,,
518,トラファルガー・ロー,6,ロー,1,1,無,渾身の一撃,,,,100,30,15,100,,,,,,,,,,,,,,,〇,,,,,,,,,,,,,,
519,ペンギン,2,ペンギン,1,1,無,渾身の一撃,,,,100,30,15,100,,,,,,,,,,,,,,,〇,,,,,,,,,,,,,,
520,ベポ,4,ベポ,1,1,無,渾身の一撃,,,,100,30,15,100,,,,,,,,,,,,,,,〇,,,,,,,,,,,,,,
521,シャチ,2,シャチ,1,1,無,渾身の一撃,,,,100,30,15,100,,,,,,,,,,,,,,,〇,,,,,,,,,,,,,,
522,ピーターマン,1,ピーターマン,1,1,無,渾身の一撃,,,,100,30,15,100,,,,,,,,,,,,,,,〇,,,,,,,,,,,,,,
523,チャルロス聖,3,チャルロス,1,1,無,渾身の一撃,,,,100,30,15,100,,,,,,,,,,,,,,,〇,,,,,,,,,,,,,,
524,マリィ,1,マリィ,1,1,無,渾身の一撃,,,,100,30,15,100,,,,,,,,,,,,,,,〇,,,,,,,,,,,,,,
525,ジュディ,1,ジュディ,1,1,無,渾身の一撃,,,,100,30,15,100,,,,,,,,,,,,,,,〇,,,,,,,,,,,,,,
526,マリン,1,マリン,1,1,無,渾身の一撃,,,,100,30,15,100,,,,,,,,,,,,,,,〇,,,,,,,,,,,,,,
527,ヒート,2,ヒート,1,1,無,渾身の一撃,,,,100,30,15,100,,,,,,,,,,,,,,,〇,,,,,,,,,,,,,,
528,ワイヤー,2,ワイヤー,1,1,無,渾身の一撃,,,,100,30,15,100,,,,,,,,,,,,,,,〇,,,,,,,,,,,,,,
529,ディスコ,2,ディスコ,1,1,無,渾身の一撃,,,,100,30,15,100,,,,,,,,,,,,,,,〇,,,,,,,,,,,,,,
530,スタンセン,2,スタンセン,1,1,無,渾身の一撃,,,,100,30,15,100,,,,,,,,,,,,,,,〇,,,,,,,,,,,,,,
531,シルバーズ・レイリー,6,レイリー,1,1,無,渾身の一撃,,,,100,30,15,100,,,,,,,,,,,,,,,〇,,,,,,,,,,,,,,
532,パシア,2,パシア,1,1,無,渾身の一撃,,,,100,30,15,100,,,,,,,,,,,,,,,〇,,,,,,,,,,,,,,
533,バイロン,1,バイロン,1,1,無,渾身の一撃,,,,100,30,15,100,,,,,,,,,,,,,,,〇,,,,,,,,,,,,,,
534,コーヒーモンキーズ,1,コーヒーモンキーズ,1,1,無,渾身の一撃,,,,100,30,15,100,,,,,,,,,,,,,,,〇,,,,,,,,,,,,,,
535,ラキューバ,1,ラキューバ,1,1,無,渾身の一撃,,,,100,30,15,100,,,,,,,,,,,,,,,〇,,,,,,,,,,,,,,
536,シシリー少将,2,シシリー,1,1,無,渾身の一撃,,,,100,30,15,100,,,,,,,,,,,,,,,〇,,,,,,,,,,,,,,
537,パシフィスタ,2,パシフィスタ,1,1,無,渾身の一撃,,,,100,30,15,100,,,,,,,,,,,,,,,〇,,,,,,,,,,,,,,
538,ボルサリーノ,6,ボルサリーノ,1,1,無,渾身の一撃,,,,100,30,15,100,,,,,,,,,,,,,,,〇,,,,,,,,,,,,,,
539,ファウスト,2,ファウスト,1,1,無,渾身の一撃,,,,100,30,15,100,,,,,,,,,,,,,,,〇,,,,,,,,,,,,,,
540,キャンディー,1,キャンディー,1,1,無,渾身の一撃,,,,100,30,15,100,,,,,,,,,,,,,,,〇,,,,,,,,,,,,,,
541,戦桃丸,4,戦桃丸,1,1,無,渾身の一撃,,,,100,30,15,100,,,,,,,,,,,,,,,〇,,,,,,,,,,,,,,
542,スイトピー,2,スイトピー,1,1,無,渾身の一撃,,,,100,30,15,100,,,,,,,,,,,,,,,,〇,,,,,,,,,,,,,
543,マーガレット,4,マーガレット,1,1,無,渾身の一撃,,,,100,30,15,100,,,,,,,,,,,,,,,,〇,,,,,,,,,,,,,
544,アフェランドラ,2,アフェランドラ,1,1,無,渾身の一撃,,,,100,30,15,100,,,,,,,,,,,,,,,,〇,,,,,,,,,,,,,
545,ベラドンナ,2,ベラドンナ,1,1,無,渾身の一撃,,,,100,30,15,100,,,,,,,,,,,,,,,,〇,,,,,,,,,,,,,
546,キキョウ,2,キキョウ,1,1,無,渾身の一撃,,,,100,30,15,100,,,,,,,,,,,,,,,,〇,,,,,,,,,,,,,
547,ネリネ,2,ネリネ,1,1,無,渾身の一撃,,,,100,30,15,100,,,,,,,,,,,,,,,,〇,,,,,,,,,,,,,
548,グロリオーサ,2,グロリオーサ,1,1,無,渾身の一撃,,,,100,30,15,100,,,,,,,,,,,,,,,,〇,,,,,,,,,,,,,
549,ポピー,1,ポピー,1,1,無,渾身の一撃,,,,100,30,15,100,,,,,,,,,,,,,,,,〇,,,,,,,,,,,,,
550,パンジー,1,パンジー,1,1,無,渾身の一撃,,,,100,30,15,100,,,,,,,,,,,,,,,,〇,,,,,,,,,,,,,
551,遊蛇,1,遊蛇,1,1,無,渾身の一撃,,,,100,30,15,100,,,,,,,,,,,,,,,,〇,,,,,,,,,,,,,
552,ラン,2,ラン,1,1,無,渾身の一撃,,,,100,30,15,100,,,,,,,,,,,,,,,,〇,,,,,,,,,,,,,
553,コスモス,2,コスモス,1,1,無,渾身の一撃,,,,100,30,15,100,,,,,,,,,,,,,,,,〇,,,,,,,,,,,,,
554,リンドウ,2,リンドウ,1,1,無,渾身の一撃,,,,100,30,15,100,,,,,,,,,,,,,,,,〇,,,,,,,,,,,,,
555,ブルーファン,2,ブルーファン,1,1,無,渾身の一撃,,,,100,30,15,100,,,,,,,,,,,,,,,,〇,,,,,,,,,,,,,
556,デージー,2,デージー,1,1,無,渾身の一撃,,,,100,30,15,100,,,,,,,,,,,,,,,,〇,,,,,,,,,,,,,
557,ボア・ハンコック,6,ハンコック,1,1,無,渾身の一撃,,,,100,30,15,100,,,,,,,,,,,,,,,,〇,,,,,,,,,,,,,
558,ボア・サンダーソニア,3,サンダーソニア,1,1,無,渾身の一撃,,,,100,30,15,100,,,,,,,,,,,,,,,,〇,,,,,,,,,,,,,
559,ボア・マリーゴールド,3,マリーゴールド,1,1,無,渾身の一撃,,,,100,30,15,100,,,,,,,,,,,,,,,,〇,,,,,,,,,,,,,
560,サロメ,2,サロメ,1,1,無,渾身の一撃,,,,100,30,15,100,,,,,,,,,,,,,,,,〇,,,,,,,,,,,,,
561,エニシダ,2,エニシダ,1,1,無,渾身の一撃,,,,100,30,15,100,,,,,,,,,,,,,,,,〇,,,,,,,,,,,,,
562,パンダウーマン美,1,パンダウーマン美,1,1,無,渾身の一撃,,,,100,30,15,100,,,,,,,,,,,,,,,,〇,,,,,,,,,,,,,
563,バキュラ,1,バキュラ,1,1,無,渾身の一撃,,,,100,30,15,100,,,,,,,,,,,,,,,,〇,,,,,,,,,,,,,
564,ハレダス,3,ハレダス,1,1,無,渾身の一撃,,,,100,30,15,100,,,,,,,,,,,,,,,,,〇,,,,,,,,,,,,
565,タロイモ,2,タロイモ,1,1,無,渾身の一撃,,,,100,30,15,100,,,,,,,,,,,,,,,,,〇,,,,,,,,,,,,
566,ティバニー,2,ティバニー,1,1,無,渾身の一撃,,,,100,30,15,100,,,,,,,,,,,,,,,,,〇,,,,,,,,,,,,
567,ヘラクレス,3,ヘラクレス,1,1,無,渾身の一撃,,,,100,30,15,100,,,,,,,,,,,,,,,,,〇,,,,,,,,,,,,
568,マスケレドモ・ゴアユー鳥,2,マスケレドモ・ゴアユー鳥,1,1,無,渾身の一撃,,,,100,30,15,100,,,,,,,,,,,,,,,,,〇,,,,,,,,,,,,
569,シャンバ,2,シャンバ,1,1,無,渾身の一撃,,,,100,30,15,100,,,,,,,,,,,,,,,,,〇,,,,,,,,,,,,
570,ストーカー,1,ストーカー,1,1,無,渾身の一撃,,,,100,30,15,100,,,,,,,,,,,,,,,,,〇,,,,,,,,,,,,
571,ハンニャバル,4,ハンニャバル,1,1,無,渾身の一撃,,,,100,30,15,100,,,,,,,,,,,,,,,,,〇,,,,,,,,,,,,
572,パンクータ・ダケヤン,1,パンクータ・ダケヤン,1,1,無,渾身の一撃,,,,100,30,15,100,,,,,,,,,,,,,,,,,〇,,,,,,,,,,,,
573,ドミノ,2,ドミノ,1,1,無,渾身の一撃,,,,100,30,15,100,,,,,,,,,,,,,,,,,〇,,,,,,,,,,,,
574,ブルーゴリラ (ブルゴリ),2,ブルゴリ,1,1,無,渾身の一撃,,,,100,30,15,100,,,,,,,,,,,,,,,,,〇,,,,,,,,,,,,
575,マゼラン,5,マゼラン,1,1,無,渾身の一撃,,,,100,30,15,100,,,,,,,,,,,,,,,,,〇,,,,,,,,,,,,
576,ジャン・ゴエン,1,ジャン・ゴエン,1,1,無,渾身の一撃,,,,100,30,15,100,,,,,,,,,,,,,,,,,〇,,,,,,,,,,,,
577,バシリスク,1,バシリスク,1,1,無,渾身の一撃,,,,100,30,15,100,,,,,,,,,,,,,,,,,〇,,,,,,,,,,,,
578,アン・ゼンガイーナ,1,アン・ゼンガイーナ,1,1,無,渾身の一撃,,,,100,30,15,100,,,,,,,,,,,,,,,,,〇,,,,,,,,,,,,
579,パズルサソリ,1,パズルサソリ,1,1,無,渾身の一撃,,,,100,30,15,100,,,,,,,,,,,,,,,,,〇,,,,,,,,,,,,
580,サルデス,3,サルデス,1,1,無,渾身の一撃,,,,100,30,15,100,,,,,,,,,,,,,,,,,〇,,,,,,,,,,,,
581,マンティコラ,1,マンティコラ,1,1,無,渾身の一撃,,,,100,30,15,100,,,,,,,,,,,,,,,,,〇,,,,,,,,,,,,
582,サディちゃん,3,サディちゃん,1,1,無,渾身の一撃,,,,100,30,15,100,,,,,,,,,,,,,,,,,〇,,,,,,,,,,,,
583,スフィンクス,1,スフィンクス,1,1,無,渾身の一撃,,,,100,30,15,100,,,,,,,,,,,,,,,,,〇,,,,,,,,,,,,
584,ダイギン,1,ダイギン,1,1,無,渾身の一撃,,,,100,30,15,100,,,,,,,,,,,,,,,,,〇,,,,,,,,,,,,
585,ドビー・イバドンボ,1,ドビー・イバドンボ,1,1,無,渾身の一撃,,,,100,30,15,100,,,,,,,,,,,,,,,,,〇,,,,,,,,,,,,
586,ミノタウロス,1,ミノタウロス,1,1,無,渾身の一撃,,,,100,30,15,100,,,,,,,,,,,,,,,,,〇,,,,,,,,,,,,
587,ゾット,1,ゾット,1,1,無,渾身の一撃,,,,100,30,15,100,,,,,,,,,,,,,,,,,〇,,,,,,,,,,,,
588,イナズマ,4,イナズマ,1,1,無,渾身の一撃,,,,100,30,15,100,,,,,,,,,,,,,,,,,〇,,,,,,,,,,,,
589,エンポリオ・イワンコフ,5,イワンコフ,1,1,無,渾身の一撃,,,,100,30,15,100,,,,,,,,,,,,,,,,,〇,,,,,,,,,,,,
590,ミノリノケロス,1,ミノリノケロス,1,1,無,渾身の一撃,,,,100,30,15,100,,,,,,,,,,,,,,,,,〇,,,,,,,,,,,,
591,シリュウ,5,シリュウ,1,1,無,渾身の一撃,,,,100,30,15,100,,,,,,,,,,,,,,,,,〇,,,,,,,,,,,,
592,ミノコアラ,1,ミノコアラ,1,1,無,渾身の一撃,,,,100,30,15,100,,,,,,,,,,,,,,,,,〇,,,,,,,,,,,,
593,ミノゼブラ,1,ミノゼブラ,1,1,無,渾身の一撃,,,,100,30,15,100,,,,,,,,,,,,,,,,,〇,,,,,,,,,,,,
594,カイロ・クレヨ,1,カイロ・クレヨ,1,1,無,渾身の一撃,,,,100,30,15,100,,,,,,,,,,,,,,,,,〇,,,,,,,,,,,,
595,サカズキ,6,サカズキ,1,1,無,渾身の一撃,,,,100,30,15,100,,,,,,,,,,,,,,,,,〇,,,,,,,,,,,,
596,ムチャナー,1,ムチャナー,1,1,無,渾身の一撃,,,,100,30,15,100,,,,,,,,,,,,,,,,,〇,,,,,,,,,,,,
597,軍隊ウルフ,1,軍隊ウルフ,1,1,無,渾身の一撃,,,,100,30,15,100,,,,,,,,,,,,,,,,,〇,,,,,,,,,,,,
598,キノコ,1,キノコ,1,1,無,渾身の一撃,,,,100,30,15,100,,,,,,,,,,,,,,,,,〇,,,,,,,,,,,,
599,フランソワ,1,フランソワ,1,1,無,渾身の一撃,,,,100,30,15,100,,,,,,,,,,,,,,,,,〇,,,,,,,,,,,,
600,スクアード,3,スクアード,1,1,無,渾身の一撃,,,,100,30,15,100,,,,,,,,,,,,,,,,,,〇,,,,,,,,,,,
601,ツノッコフ,1,ツノッコフ,1,1,無,渾身の一撃,,,,100,30,15,100,,,,,,,,,,,,,,,,,,〇,,,,,,,,,,,
602,ウサッコフ,1,ウサッコフ,1,1,無,渾身の一撃,,,,100,30,15,100,,,,,,,,,,,,,,,,,,〇,,,,,,,,,,,
603,プリンス・ベレット,2,プリンス・ベレット,1,1,無,渾身の一撃,,,,100,30,15,100,,,,,,,,,,,,,,,,,,〇,,,,,,,,,,,
604,アケヘンデ,1,アケヘンデ,1,1,無,渾身の一撃,,,,100,30,15,100,,,,,,,,,,,,,,,,,,〇,,,,,,,,,,,
605,ナミュール,2,ナミュール,1,1,無,渾身の一撃,,,,100,30,15,100,,,,,,,,,,,,,,,,,,〇,,,,,,,,,,,
606,ビスタ,4,ビスタ,1,1,無,渾身の一撃,,,,100,30,15,100,,,,,,,,,,,,,,,,,,〇,,,,,,,,,,,
607,クリエル,2,クリエル,1,1,無,渾身の一撃,,,,100,30,15,100,,,,,,,,,,,,,,,,,,〇,,,,,,,,,,,
608,スピード・ジル,2,スピード・ジル,1,1,無,渾身の一撃,,,,100,30,15,100,,,,,,,,,,,,,,,,,,〇,,,,,,,,,,,
609,ラクヨウ,2,ラクヨウ,1,1,無,渾身の一撃,,,,100,30,15,100,,,,,,,,,,,,,,,,,,〇,,,,,,,,,,,
610,ブレンハイム,2,ブレンハイム,1,1,無,渾身の一撃,,,,100,30,15,100,,,,,,,,,,,,,,,,,,〇,,,,,,,,,,,
611,フォッサ,2,フォッサ,1,1,無,渾身の一撃,,,,100,30,15,100,,,,,,,,,,,,,,,,,,〇,,,,,,,,,,,
612,ハルタ,2,ハルタ,1,1,無,渾身の一撃,,,,100,30,15,100,,,,,,,,,,,,,,,,,,〇,,,,,,,,,,,
613,ブラメンコ,2,ブラメンコ,1,1,無,渾身の一撃,,,,100,30,15,100,,,,,,,,,,,,,,,,,,〇,,,,,,,,,,,
614,イゾウ,4,イゾウ,1,1,無,渾身の一撃,,,,100,30,15,100,,,,,,,,,,,,,,,,,,〇,,,,,,,,,,,
615,アトモス,2,アトモス,1,1,無,渾身の一撃,,,,100,30,15,100,,,,,,,,,,,,,,,,,,〇,,,,,,,,,,,
616,ロイダー,1,ロイダー,1,1,無,渾身の一撃,,,,100,30,15,100,,,,,,,,,,,,,,,,,,〇,,,,,,,,,,,
617,ロンズ,1,ロンズ,1,1,無,渾身の一撃,,,,100,30,15,100,,,,,,,,,,,,,,,,,,〇,,,,,,,,,,,
618,ラクロワ,1,ラクロワ,1,1,無,渾身の一撃,,,,100,30,15,100,,,,,,,,,,,,,,,,,,〇,,,,,,,,,,,
619,ポートガス・D・ルージュ,2,ルージュ,1,1,無,渾身の一撃,,,,100,30,15,100,,,,,,,,,,,,,,,,,,〇,,,,,,,,,,,
620,ドーハ・イッタンカⅡ世,1,ドーハ・イッタンカⅡ世,1,1,無,渾身の一撃,,,,100,30,15,100,,,,,,,,,,,,,,,,,,〇,,,,,,,,,,,
621,スコシバ・カニシトール,1,スコシバ・カニシトール,1,1,無,渾身の一撃,,,,100,30,15,100,,,,,,,,,,,,,,,,,,〇,,,,,,,,,,,
627,リトルオーズJr.,4,リトルオーズJr.,1,1,無,渾身の一撃,,,,100,30,15,100,,,,,,,,,,,,,,,,,,〇,,,,,,,,,,,
628,ドーマ,2,ドーマ,1,1,無,渾身の一撃,,,,100,30,15,100,,,,,,,,,,,,,,,,,,〇,,,,,,,,,,,
629,マクガイ,2,マクガイ,1,1,無,渾身の一撃,,,,100,30,15,100,,,,,,,,,,,,,,,,,,〇,,,,,,,,,,,
630,ディカルバン兄弟,2,ディカルバン兄弟,1,1,無,渾身の一撃,,,,100,30,15,100,,,,,,,,,,,,,,,,,,〇,,,,,,,,,,,
631,エルミー,2,エルミー,1,1,無,渾身の一撃,,,,100,30,15,100,,,,,,,,,,,,,,,,,,〇,,,,,,,,,,,
632,ランバ,2,ランバ,1,1,無,渾身の一撃,,,,100,30,15,100,,,,,,,,,,,,,,,,,,〇,,,,,,,,,,,
633,A・O,2,A・O,1,1,無,渾身の一撃,,,,100,30,15,100,,,,,,,,,,,,,,,,,,〇,,,,,,,,,,,
634,デラクアヒ,2,デラクアヒ,1,1,無,渾身の一撃,,,,100,30,15,100,,,,,,,,,,,,,,,,,,〇,,,,,,,,,,,
635,ダルメシアン,2,ダルメシアン,1,1,無,渾身の一撃,,,,100,30,15,100,,,,,,,,,,,,,,,,,,〇,,,,,,,,,,,
636,ゾディア,2,ゾディア,1,1,無,渾身の一撃,,,,100,30,15,100,,,,,,,,,,,,,,,,,,〇,,,,,,,,,,,
637,パームス,2,パームス,1,1,無,渾身の一撃,,,,100,30,15,100,,,,,,,,,,,,,,,,,,〇,,,,,,,,,,,
638,エポイダ,2,エポイダ,1,1,無,渾身の一撃,,,,100,30,15,100,,,,,,,,,,,,,,,,,,〇,,,,,,,,,,,
639,カルマ,2,カルマ,1,1,無,渾身の一撃,,,,100,30,15,100,,,,,,,,,,,,,,,,,,〇,,,,,,,,,,,
640,キングデュー,2,キングデュー,1,1,無,渾身の一撃,,,,100,30,15,100,,,,,,,,,,,,,,,,,,〇,,,,,,,,,,,
641,パブリク,1,パブリク,1,1,無,渾身の一撃,,,,100,30,15,100,,,,,,,,,,,,,,,,,,〇,,,,,,,,,,,
642,ヴィタン,1,ヴィタン,1,1,無,渾身の一撃,,,,100,30,15,100,,,,,,,,,,,,,,,,,,〇,,,,,,,,,,,
643,ビザール,2,ビザール,1,1,無,渾身の一撃,,,,100,30,15,100,,,,,,,,,,,,,,,,,,〇,,,,,,,,,,,
644,ケチャッチ,1,ケチャッチ,1,1,無,渾身の一撃,,,,100,30,15,100,,,,,,,,,,,,,,,,,,〇,,,,,,,,,,,
645,アイルワン,2,アイルワン,1,1,無,渾身の一撃,,,,100,30,15,100,,,,,,,,,,,,,,,,,,〇,,,,,,,,,,,
646,ハンガン,1,ハンガン,1,1,無,渾身の一撃,,,,100,30,15,100,,,,,,,,,,,,,,,,,,〇,,,,,,,,,,,
647,リフォルト,1,リフォルト,1,1,無,渾身の一撃,,,,100,30,15,100,,,,,,,,,,,,,,,,,,〇,,,,,,,,,,,
648,サンファン・ウルフ,3,サンファン・ウルフ,1,1,無,渾身の一撃,,,,100,30,15,100,,,,,,,,,,,,,,,,,,〇,,,,,,,,,,,
649,バスコ・ショット,3,バスコ・ショット,1,1,無,渾身の一撃,,,,100,30,15,100,,,,,,,,,,,,,,,,,,〇,,,,,,,,,,,
650,カタリーナ・デボン,3,カタリーナ・デボン,1,1,無,渾身の一撃,,,,100,30,15,100,,,,,,,,,,,,,,,,,,〇,,,,,,,,,,,
651,アバロ・ピサロ,3,アバロ・ピサロ,1,1,無,渾身の一撃,,,,100,30,15,100,,,,,,,,,,,,,,,,,,〇,,,,,,,,,,,
652,アーサー,1,アーサー,1,1,無,渾身の一撃,,,,100,30,15,100,,,,,,,,,,,,,,,,,,〇,,,,,,,,,,,
653,ホワイティベイ,2,ホワイティベイ,1,1,無,渾身の一撃,,,,100,30,15,100,,,,,,,,,,,,,,,,,,〇,,,,,,,,,,,
654,カンドレ,1,カンドレ,1,1,無,渾身の一撃,,,,100,30,15,100,,,,,,,,,,,,,,,,,,〇,,,,,,,,,,,
655,茶ひげ,3,茶ひげ,1,1,無,渾身の一撃,,,,100,30,15,100,,,,,,,,,,,,,,,,,,,〇,,,,,,,,,,
656,カーリー・ダダン,4,ダダン,1,1,無,渾身の一撃,,,,100,30,15,100,,,,,,,,,,,,,,,,,,,〇,,,,,,,,,,
657,ドグラ,2,ドグラ,1,1,無,渾身の一撃,,,,100,30,15,100,,,,,,,,,,,,,,,,,,,〇,,,,,,,,,,
658,マグラ,2,マグラ,1,1,無,渾身の一撃,,,,100,30,15,100,,,,,,,,,,,,,,,,,,,〇,,,,,,,,,,
659,サボ,6,サボ,1,1,無,渾身の一撃,,,,100,30,15,100,,,,,,,,,,,,,,,,,,,〇,,,,,,,,,,
660,ポルシェーミ,3,ポルシェーミ,1,1,無,渾身の一撃,,,,100,30,15,100,,,,,,,,,,,,,,,,,,,〇,,,,,,,,,,
661,ブルージャム,3,ブルージャム,1,1,無,渾身の一撃,,,,100,30,15,100,,,,,,,,,,,,,,,,,,,〇,,,,,,,,,,
662,アウトルック3世,2,アウトルック3世,1,1,無,渾身の一撃,,,,100,30,15,100,,,,,,,,,,,,,,,,,,,〇,,,,,,,,,,
663,ディディット,1,ディディット,1,1,無,渾身の一撃,,,,100,30,15,100,,,,,,,,,,,,,,,,,,,〇,,,,,,,,,,
664,ステリー,3,ステリー,1,1,無,渾身の一撃,,,,100,30,15,100,,,,,,,,,,,,,,,,,,,〇,,,,,,,,,,
665,アッホ・デスネン9世,1,アッホ・デスネン9世,1,1,無,渾身の一撃,,,,100,30,15,100,,,,,,,,,,,,,,,,,,,〇,,,,,,,,,,
666,アッホ・ヅラコ,1,アッホ・ヅラコ,1,1,無,渾身の一撃,,,,100,30,15,100,,,,,,,,,,,,,,,,,,,〇,,,,,,,,,,
667,ジャルマック聖,1,ジャルマック,1,1,無,渾身の一撃,,,,100,30,15,100,,,,,,,,,,,,,,,,,,,〇,,,,,,,,,,
668,海カバ,1,海カバ,1,1,無,渾身の一撃,,,,100,30,15,100,,,,,,,,,,,,,,,,,,,〇,,,,,,,,,,
669,ヒューマンドリル,1,ヒューマンドリル,1,1,無,渾身の一撃,,,,100,30,15,100,,,,,,,,,,,,,,,,,,,〇,,,,,,,,,,
670,バニー・ジョー,1,バニー・ジョー,1,1,無,渾身の一撃,,,,100,30,15,100,,,,,,,,,,,,,,,,,,,〇,,,,,,,,,,
671,伝書バット,1,伝書バット,1,1,無,渾身の一撃,,,,100,30,15,100,,,,,,,,,,,,,,,,,,,〇,,,,,,,,,,
672,コング,2,コング,1,1,無,渾身の一撃,,,,100,30,15,100,,,,,,,,,,,,,,,,,,,〇,,,,,,,,,,
673,Dr.フィッシュボーネン,1,Dr.フィッシュボーネン,1,1,無,渾身の一撃,,,,100,30,15,100,,,,,,,,,,,,,,,,,,,〇,,,,,,,,,,
674,ハリーツ・ケンディヨ,1,ハリーツ・ケンディヨ,1,1,無,渾身の一撃,,,,100,30,15,100,,,,,,,,,,,,,,,,,,,〇,,,,,,,,,,
675,カサ婆,1,カサ婆,1,1,無,渾身の一撃,,,,100,30,15,100,,,,,,,,,,,,,,,,,,,〇,,,,,,,,,,
676,”アイアンボーイ”スコッチ,1,スコッチ,1,1,無,渾身の一撃,,,,100,30,15,100,,,,,,,,,,,,,,,,,,,〇,,,,,,,,,,
677,ゴリラ,1,ゴリラ,1,1,無,渾身の一撃,,,,100,30,15,100,,,,,,,,,,,,,,,,,,,〇,,,,,,,,,,
678,ナインス,1,ナインス,1,1,無,渾身の一撃,,,,100,30,15,100,,,,,,,,,,,,,,,,,,〇,,,,,,,,,,,
679,ブロンディ,1,ブロンディ,1,1,無,渾身の一撃,,,,100,30,15,100,,,,,,,,,,,,,,,,,,〇,,,,,,,,,,,
680,デマロ・ブラック,3,デマロ・ブラック,1,1,無,渾身の一撃,,,,100,30,15,100,,,,,,,,,,,,,,,,,,,〇,,,,,,,,,,
681,ショコラ,2,ショコラ,1,1,無,渾身の一撃,,,,100,30,15,100,,,,,,,,,,,,,,,,,,,〇,,,,,,,,,,
682,トルコ,2,トルコ,1,1,無,渾身の一撃,,,,100,30,15,100,,,,,,,,,,,,,,,,,,,〇,,,,,,,,,,
683,マウンブルテン,2,マウンブルテン,1,1,無,渾身の一撃,,,,100,30,15,100,,,,,,,,,,,,,,,,,,,〇,,,,,,,,,,
684,マンジャロウ,2,マンジャロウ,1,1,無,渾身の一撃,,,,100,30,15,100,,,,,,,,,,,,,,,,,,,〇,,,,,,,,,,
685,ドリップ,2,ドリップ,1,1,無,渾身の一撃,,,,100,30,15,100,,,,,,,,,,,,,,,,,,,〇,,,,,,,,,,
686,ココア,2,ココア,1,1,無,渾身の一撃,,,,100,30,15,100,,,,,,,,,,,,,,,,,,,〇,,,,,,,,,,
687,のらギツネ,2,のらギツネ,1,1,無,渾身の一撃,,,,100,30,15,100,,,,,,,,,,,,,,,,,,,〇,,,,,,,,,,
688,アマドブ,1,アマドブ,1,1,無,渾身の一撃,,,,100,30,15,100,,,,,,,,,,,,,,,,,,〇,,,,,,,,,,,
689,ウォレム,1,ウォレム,1,1,無,渾身の一撃,,,,100,30,15,100,,,,,,,,,,,,,,,,,,〇,,,,,,,,,,,
690,バガリー,1,バガリー,1,1,無,渾身の一撃,,,,100,30,15,100,,,,,,,,,,,,,,,,,,〇,,,,,,,,,,,
691,カリブー,4,カリブー,1,1,無,渾身の一撃,,,,100,30,15,100,,,,,,,,,,,,,,,,,,,〇,,,,,,,,,,
692,コリブー,3,コリブー,1,1,無,渾身の一撃,,,,100,30,15,100,,,,,,,,,,,,,,,,,,,〇,,,,,,,,,,
693,ブリュー,1,ブリュー,1,1,無,渾身の一撃,,,,100,30,15,100,,,,,,,,,,,,,,,,,,〇,,,,,,,,,,,
694,スルメ,3,スルメ,1,1,無,渾身の一撃,,,,100,30,15,100,,,,,,,,,,,,,,,,,,,,〇,,,,,,,,,
695,ブロッカ,1,ブロッカ,1,1,無,渾身の一撃,,,,100,30,15,100,,,,,,,,,,,,,,,,,,〇,,,,,,,,,,,
696,ラッシュ,1,ラッシュ,1,1,無,渾身の一撃,,,,100,30,15,100,,,,,,,,,,,,,,,,,,〇,,,,,,,,,,,
697,グレートミカエル,1,グレートミカエル,1,1,無,渾身の一撃,,,,100,30,15,100,,,,,,,,,,,,,,,,,,〇,,,,,,,,,,,
698,キャンズ,1,キャンズ,1,1,無,渾身の一撃,,,,100,30,15,100,,,,,,,,,,,,,,,,,,〇,,,,,,,,,,,
699,アンドレ,1,アンドレ,1,1,無,渾身の一撃,,,,100,30,15,100,,,,,,,,,,,,,,,,,,〇,,,,,,,,,,,
700,チョイ,1,チョイ,1,1,無,渾身の一撃,,,,100,30,15,100,,,,,,,,,,,,,,,,,,〇,,,,,,,,,,,
701,キンガ,1,キンガ,1,1,無,渾身の一撃,,,,100,30,15,100,,,,,,,,,,,,,,,,,,〇,,,,,,,,,,,
702,コルスコン,1,コルスコン,1,1,無,渾身の一撃,,,,100,30,15,100,,,,,,,,,,,,,,,,,,〇,,,,,,,,,,,
703,アグシリー,1,アグシリー,1,1,無,渾身の一撃,,,,100,30,15,100,,,,,,,,,,,,,,,,,,〇,,,,,,,,,,,
704,ユリウス,1,ユリウス,1,1,無,渾身の一撃,,,,100,30,15,100,,,,,,,,,,,,,,,,,,〇,,,,,,,,,,,
705,ズッカ,1,ズッカ,1,1,無,渾身の一撃,,,,100,30,15,100,,,,,,,,,,,,,,,,,,〇,,,,,,,,,,,
706,サンクリン,1,サンクリン,1,1,無,渾身の一撃,,,,100,30,15,100,,,,,,,,,,,,,,,,,,,〇,,,,,,,,,,
707,ハンフリー,1,ハンフリー,1,1,無,渾身の一撃,,,,100,30,15,100,,,,,,,,,,,,,,,,,,,〇,,,,,,,,,,
708,ビーク・リマーク,1,ビーク・リマーク,1,1,無,渾身の一撃,,,,100,30,15,100,,,,,,,,,,,,,,,,,,,〇,,,,,,,,,,
709,アルビオン,1,アルビオン,1,1,無,渾身の一撃,,,,100,30,15,100,,,,,,,,,,,,,,,,,,,〇,,,,,,,,,,
710,リップ・“サービス”・ドウティ,1,ドウティ,1,1,無,渾身の一撃,,,,100,30,15,100,,,,,,,,,,,,,,,,,,,〇,,,,,,,,,,
711,カタコンボ,1,カタコンボ,1,1,無,渾身の一撃,,,,100,30,15,100,,,,,,,,,,,,,,,,,,,〇,,,,,,,,,,
712,アンコロ,1,アンコロ,1,1,無,渾身の一撃,,,,100,30,15,100,,,,,,,,,,,,,,,,,,,,〇,,,,,,,,,
713,ハモンド,2,ハモンド,1,1,無,渾身の一撃,,,,100,30,15,100,,,,,,,,,,,,,,,,,,,,〇,,,,,,,,,
714,カサゴバ,1,カサゴバ,1,1,無,渾身の一撃,,,,100,30,15,100,,,,,,,,,,,,,,,,,,,,〇,,,,,,,,,
715,フカボシ,4,フカボシ,1,1,無,渾身の一撃,,,,100,30,15,100,,,,,,,,,,,,,,,,,,,,〇,,,,,,,,,
716,リュウボシ,3,リュウボシ,1,1,無,渾身の一撃,,,,100,30,15,100,,,,,,,,,,,,,,,,,,,,〇,,,,,,,,,
717,マンボシ,3,マンボシ,1,1,無,渾身の一撃,,,,100,30,15,100,,,,,,,,,,,,,,,,,,,,〇,,,,,,,,,
718,海獅子,1,海獅子,1,1,無,渾身の一撃,,,,100,30,15,100,,,,,,,,,,,,,,,,,,,,〇,,,,,,,,,
719,イシリー,2,イシリー,1,1,無,渾身の一撃,,,,100,30,15,100,,,,,,,,,,,,,,,,,,,,〇,,,,,,,,,
720,ルリス,2,ルリス,1,1,無,渾身の一撃,,,,100,30,15,100,,,,,,,,,,,,,,,,,,,,〇,,,,,,,,,
721,ソラ,2,ソラ,1,1,無,渾身の一撃,,,,100,30,15,100,,,,,,,,,,,,,,,,,,,,〇,,,,,,,,,
722,ヒョウゾウ,3,ヒョウゾウ,1,1,無,渾身の一撃,,,,100,30,15,100,,,,,,,,,,,,,,,,,,,,〇,,,,,,,,,
723,シャーリー,3,シャーリー,1,1,無,渾身の一撃,,,,100,30,15,100,,,,,,,,,,,,,,,,,,,,〇,,,,,,,,,
724,フィヨンセ,2,フィヨンセ,1,1,無,渾身の一撃,,,,100,30,15,100,,,,,,,,,,,,,,,,,,,,〇,,,,,,,,,
725,ホーディ・ジョーンズ,4,ホーディ,1,1,無,渾身の一撃,,,,100,30,15,100,,,,,,,,,,,,,,,,,,,,〇,,,,,,,,,
726,ドスン,3,ドスン,1,1,無,渾身の一撃,,,,100,30,15,100,,,,,,,,,,,,,,,,,,,,〇,,,,,,,,,
727,ゼオ,3,ゼオ,1,1,無,渾身の一撃,,,,100,30,15,100,,,,,,,,,,,,,,,,,,,,〇,,,,,,,,,
728,ダルマ,3,ダルマ,1,1,無,渾身の一撃,,,,100,30,15,100,,,,,,,,,,,,,,,,,,,,〇,,,,,,,,,
729,イカロス・ムッヒ,3,イカロス,1,1,無,渾身の一撃,,,,100,30,15,100,,,,,,,,,,,,,,,,,,,,〇,,,,,,,,,
730,ヒラメラ,2,ヒラメラ,1,1,無,渾身の一撃,,,,100,30,15,100,,,,,,,,,,,,,,,,,,,,〇,,,,,,,,,
731,ネプチューン,4,ネプチューン,1,1,無,渾身の一撃,,,,100,30,15,100,,,,,,,,,,,,,,,,,,,,〇,,,,,,,,,
732,ホエ,3,ホエ,1,1,無,渾身の一撃,,,,100,30,15,100,,,,,,,,,,,,,,,,,,,,〇,,,,,,,,,
733,メガロ,3,メガロ,1,1,無,渾身の一撃,,,,100,30,15,100,,,,,,,,,,,,,,,,,,,,〇,,,,,,,,,
734,右大臣,3,右大臣,1,1,無,渾身の一撃,,,,100,30,15,100,,,,,,,,,,,,,,,,,,,,〇,,,,,,,,,
735,左大臣,3,左大臣,1,1,無,渾身の一撃,,,,100,30,15,100,,,,,,,,,,,,,,,,,,,,〇,,,,,,,,,
736,しらほし,5,しらほし,1,1,無,渾身の一撃,,,,100,30,15,100,,,,,,,,,,,,,,,,,,,,〇,,,,,,,,,
737,ワダツミ,3,ワダツミ,1,1,無,渾身の一撃,,,,100,30,15,100,,,,,,,,,,,,,,,,,,,,〇,,,,,,,,,
738,バンダー・デッケン九世,4,デッケン,1,1,無,渾身の一撃,,,,100,30,15,100,,,,,,,,,,,,,,,,,,,,〇,,,,,,,,,
739,カイレン,2,カイレン,1,1,無,渾身の一撃,,,,100,30,15,100,,,,,,,,,,,,,,,,,,,,〇,,,,,,,,,
740,デン,2,デン,1,1,無,渾身の一撃,,,,100,30,15,100,,,,,,,,,,,,,,,,,,,,〇,,,,,,,,,
741,アデル,2,アデル,1,1,無,渾身の一撃,,,,100,30,15,100,,,,,,,,,,,,,,,,,,,,〇,,,,,,,,,
742,フィッシャー・タイガー,4,タイガー,1,1,無,渾身の一撃,,,,100,30,15,100,,,,,,,,,,,,,,,,,,,,〇,,,,,,,,,
743,メロ,2,メロ,1,1,無,渾身の一撃,,,,100,30,15,100,,,,,,,,,,,,,,,,,,,,〇,,,,,,,,,
744,オトヒメ,4,オトヒメ,1,1,無,渾身の一撃,,,,100,30,15,100,,,,,,,,,,,,,,,,,,,,〇,,,,,,,,,
745,セイラ,2,セイラ,1,1,無,渾身の一撃,,,,100,30,15,100,,,,,,,,,,,,,,,,,,,,〇,,,,,,,,,
746,アンモナイツ,2,アンモナイツ,1,1,無,渾身の一撃,,,,100,30,15,100,,,,,,,,,,,,,,,,,,,,〇,,,,,,,,,
747,コアラ,4,コアラ,1,1,無,渾身の一撃,,,,100,30,15,100,,,,,,,,,,,,,,,,,,,,〇,,,,,,,,,
748,アラディン,3,アラディン,1,1,無,渾身の一撃,,,,100,30,15,100,,,,,,,,,,,,,,,,,,,,〇,,,,,,,,,
749,イチカ,1,イチカ,1,1,無,渾身の一撃,,,,100,30,15,100,,,,,,,,,,,,,,,,,,,,〇,,,,,,,,,
750,ニカ,1,ニカ,1,1,無,渾身の一撃,,,,100,30,15,100,,,,,,,,,,,,,,,,,,,,〇,,,,,,,,,
751,サンカ,1,サンカ,1,1,無,渾身の一撃,,,,100,30,15,100,,,,,,,,,,,,,,,,,,,,〇,,,,,,,,,
752,ヨンカ,1,ヨンカ,1,1,無,渾身の一撃,,,,100,30,15,100,,,,,,,,,,,,,,,,,,,,〇,,,,,,,,,
753,ヨンカツー,1,ヨンカツー,1,1,無,渾身の一撃,,,,100,30,15,100,,,,,,,,,,,,,,,,,,,,〇,,,,,,,,,
754,海リス,1,海リス,1,1,無,渾身の一撃,,,,100,30,15,100,,,,,,,,,,,,,,,,,,,,〇,,,,,,,,,
755,スプラッシュ,1,スプラッシュ,1,1,無,渾身の一撃,,,,100,30,15,100,,,,,,,,,,,,,,,,,,,,〇,,,,,,,,,
756,スプラッタ,1,スプラッタ,1,1,無,渾身の一撃,,,,100,30,15,100,,,,,,,,,,,,,,,,,,,,〇,,,,,,,,,
757,ジャイロ,1,ジャイロ,1,1,無,渾身の一撃,,,,100,30,15,100,,,,,,,,,,,,,,,,,,,,〇,,,,,,,,,
758,ジュナン,1,ジュナン,1,1,無,渾身の一撃,,,,100,30,15,100,,,,,,,,,,,,,,,,,,,,〇,,,,,,,,,
759,マキノの子,1,マキノの子,1,1,無,渾身の一撃,,,,100,30,15,100,,,,,,,,,,,,,,,,,,,,〇,,,,,,,,,
760,サーファンクル,2,サーファンクル,1,1,無,渾身の一撃,,,,100,30,15,100,,,,,,,,,,,,,,,,,,,,〇,,,,,,,,,
761,パパニール,1,パパニール,1,1,無,渾身の一撃,,,,100,30,15,100,,,,,,,,,,,,,,,,,,,,〇,,,,,,,,,
762,ズルーリン,1,ズルーリン,1,1,無,渾身の一撃,,,,100,30,15,100,,,,,,,,,,,,,,,,,,,,〇,,,,,,,,,
763,カダル,2,カダル,1,1,無,渾身の一撃,,,,100,30,15,100,,,,,,,,,,,,,,,,,,,,〇,,,,,,,,,
764,ペコムズ,3,ペコムズ,1,1,無,渾身の一撃,,,,100,30,15,100,,,,,,,,,,,,,,,,,,,,〇,,,,,,,,,
765,タマゴ男爵,3,タマゴ男爵,1,1,無,渾身の一撃,,,,100,30,15,100,,,,,,,,,,,,,,,,,,,,〇,,,,,,,,,
766,ムティ,1,ムティ,1,1,無,渾身の一撃,,,,100,30,15,100,,,,,,,,,,,,,,,,,,,,〇,,,,,,,,,
767,ドンキホーテ・ミョスガルド聖,3,ミョスガルド,1,1,無,渾身の一撃,,,,100,30,15,100,,,,,,,,,,,,,,,,,,,,〇,,,,,,,,,
768,ドンキホーテ・シヴァーカレロ聖,1,シヴァーカレロ,1,1,無,渾身の一撃,,,,100,30,15,100,,,,,,,,,,,,,,,,,,,,〇,,,,,,,,,
769,海熊,1,海熊,1,1,無,渾身の一撃,,,,100,30,15,100,,,,,,,,,,,,,,,,,,,,〇,,,,,,,,,
770,ダイダロス,1,ダイダロス,1,1,無,渾身の一撃,,,,100,30,15,100,,,,,,,,,,,,,,,,,,,,〇,,,,,,,,,
771,ナンデー,1,ナンデー,1,1,無,渾身の一撃,,,,100,30,15,100,,,,,,,,,,,,,,,,,,,,〇,,,,,,,,,
772,ジャン・ヌエイユ,1,ジャン・ヌエイユ,1,1,無,渾身の一撃,,,,100,30,15,100,,,,,,,,,,,,,,,,,,,,〇,,,,,,,,,
773,ノースバード,1,ノースバード,1,1,無,渾身の一撃,,,,100,30,15,100,,,,,,,,,,,,,,,,,,,,〇,,,,,,,,,
774,ウエスタンバード,1,ウエスタンバード,1,1,無,渾身の一撃,,,,100,30,15,100,,,,,,,,,,,,,,,,,,,,〇,,,,,,,,,
775,イースタンバード,1,イースタンバード,1,1,無,渾身の一撃,,,,100,30,15,100,,,,,,,,,,,,,,,,,,,,〇,,,,,,,,,
776,マリアナポレ,2,マリアナポレ,1,1,無,渾身の一撃,,,,100,30,15,100,,,,,,,,,,,,,,,,,,,,〇,,,,,,,,,
777,ブレイキー,1,ブレイキー,1,1,無,渾身の一撃,,,,100,30,15,100,,,,,,,,,,,,,,,,,,,,〇,,,,,,,,,
778,マイルス,1,マイルス,1,1,無,渾身の一撃,,,,100,30,15,100,,,,,,,,,,,,,,,,,,,,〇,,,,,,,,,
779,トンジル,1,トンジル,1,1,無,渾身の一撃,,,,100,30,15,100,,,,,,,,,,,,,,,,,,,,,,,,,,,,,〇
780,トンスファー,1,トンスファー,1,1,無,渾身の一撃,,,,100,30,15,100,,,,,,,,,,,,,,,,,,,,,,,,,,,,,〇
782,アリーチェ,1,アリーチェ,1,1,無,渾身の一撃,,,,100,30,15,100,,,,,,,,,,,,,,,,,,,,,,,,,,,,,〇
783,ドラゴン十三號,3,ドラゴン十三號,1,1,無,渾身の一撃,,,,100,30,15,100,,,,,,,,,,,,,,,,,,,,,〇,,,,,,,,
784,ビミネ,2,ビミネ,1,1,無,渾身の一撃,,,,100,30,15,100,,,,,,,,,,,,,,,,,,,,,〇,,,,,,,,
785,シンド,2,シンド,1,1,無,渾身の一撃,,,,100,30,15,100,,,,,,,,,,,,,,,,,,,,,〇,,,,,,,,
786,モチャ,3,モチャ,1,1,無,渾身の一撃,,,,100,30,15,100,,,,,,,,,,,,,,,,,,,,,〇,,,,,,,,
787,コンブ,1,コンブ,1,1,無,渾身の一撃,,,,100,30,15,100,,,,,,,,,,,,,,,,,,,,,〇,,,,,,,,
788,ビヨ,1,ビヨ,1,1,無,渾身の一撃,,,,100,30,15,100,,,,,,,,,,,,,,,,,,,,,〇,,,,,,,,
789,アリー,1,アリー,1,1,無,渾身の一撃,,,,100,30,15,100,,,,,,,,,,,,,,,,,,,,,〇,,,,,,,,
790,ドラン,1,ドラン,1,1,無,渾身の一撃,,,,100,30,15,100,,,,,,,,,,,,,,,,,,,,,〇,,,,,,,,
792,ウズ,1,ウズ,1,1,無,渾身の一撃,,,,100,30,15,100,,,,,,,,,,,,,,,,,,,,,〇,,,,,,,,
795,ミノチワワ,1,ミノチワワ,1,1,無,渾身の一撃,,,,100,30,15,100,,,,,,,,,,,,,,,,,,,,,〇,,,,,,,,
796,モネ,4,モネ,1,1,無,渾身の一撃,,,,100,30,15,100,,,,,,,,,,,,,,,,,,,,,〇,,,,,,,,
797,シーザー・クラウン,5,シーザー,1,1,無,渾身の一撃,,,,100,30,15,100,,,,,,,,,,,,,,,,,,,,,〇,,,,,,,,
798,ロック,3,ロック,1,1,無,渾身の一撃,,,,100,30,15,100,,,,,,,,,,,,,,,,,,,,,〇,,,,,,,,
799,スコッチ,3,スコッチ,1,1,無,渾身の一撃,,,,100,30,15,100,,,,,,,,,,,,,,,,,,,,,〇,,,,,,,,
800,鉄筋のスムージ,1,スムージ,1,1,無,渾身の一撃,,,,100,30,15,100,,,,,,,,,,,,,,,,,,,,,〇,,,,,,,,
801,瓢箪フェン・ボック,1,フェン・ボック,1,1,無,渾身の一撃,,,,100,30,15,100,,,,,,,,,,,,,,,,,,,,,〇,,,,,,,,
802,縄引きのチャッペ,1,チャッペ,1,1,無,渾身の一撃,,,,100,30,15,100,,,,,,,,,,,,,,,,,,,,,〇,,,,,,,,
803,スマイリー,3,スマイリー,1,1,無,渾身の一撃,,,,100,30,15,100,,,,,,,,,,,,,,,,,,,,,〇,,,,,,,,
804,ヴェルゴ,4,ヴェルゴ,1,1,無,渾身の一撃,,,,100,30,15,100,,,,,,,,,,,,,,,,,,,,,〇,,,,,,,,
805,錦えもん,5,錦えもん,1,1,無,渾身の一撃,,,,100,30,15,100,,,,,,,,,,,,,,,,,,,,,〇,,,,,,,,
806,ドラゴン二十一號,2,ドラゴン二十一號,1,1,無,渾身の一撃,,,,100,30,15,100,,,,,,,,,,,,,,,,,,,,,〇,,,,,,,,
807,マチェーテのルン,1,マチェーテのルン,1,1,無,渾身の一撃,,,,100,30,15,100,,,,,,,,,,,,,,,,,,,,,〇,,,,,,,,
810,光月モモの助,5,モモの助,1,1,無,渾身の一撃,,,,100,30,15,100,,,,,,,,,,,,,,,,,,,,,〇,,,,,,,,
811,バブル,1,バブル,1,1,無,渾身の一撃,,,,100,30,15,100,,,,,,,,,,,,,,,,,,,,,〇,,,,,,,,
812,ベビー5,4,ベビー5,1,1,無,渾身の一撃,,,,100,30,15,100,,,,,,,,,,,,,,,,,,,,,〇,,,,,,,,
813,バッファロー,3,バッファロー,1,1,無,渾身の一撃,,,,100,30,15,100,,,,,,,,,,,,,,,,,,,,,〇,,,,,,,,
814,キャメル,1,キャメル,1,1,無,渾身の一撃,,,,100,30,15,100,,,,,,,,,,,,,,,,,,,,,〇,,,,,,,,
830,イッショウ,6,イッショウ,1,1,無,渾身の一撃,,,,100,30,15,100,,,,,,,,,,,,,,,,,,,,,,〇,,,,,,,
833,ヴィオラ,4,ヴィオラ,1,1,無,渾身の一撃,,,,100,30,15,100,,,,,,,,,,,,,,,,,,,,,,〇,,,,,,,
834,キュロス,4,キュロス,1,1,無,渾身の一撃,,,,100,30,15,100,,,,,,,,,,,,,,,,,,,,,,〇,,,,,,,
838,チンジャオ,4,チンジャオ,1,1,無,渾身の一撃,,,,100,30,15,100,,,,,,,,,,,,,,,,,,,,,,〇,,,,,,,
839,サイ,4,サイ,1,1,無,渾身の一撃,,,,100,30,15,100,,,,,,,,,,,,,,,,,,,,,,〇,,,,,,,
840,ブー,2,ブー,1,1,無,渾身の一撃,,,,100,30,15,100,,,,,,,,,,,,,,,,,,,,,,〇,,,,,,,
841,ケリー・ファンク,3,ケリー,1,1,無,渾身の一撃,,,,100,30,15,100,,,,,,,,,,,,,,,,,,,,,,〇,,,,,,,
842,ボビー・ファンク,2,ボビー,1,1,無,渾身の一撃,,,,100,30,15,100,,,,,,,,,,,,,,,,,,,,,,〇,,,,,,,
844,エリザベローⅡ世,3,エリザベロー,1,1,無,渾身の一撃,,,,100,30,15,100,,,,,,,,,,,,,,,,,,,,,,〇,,,,,,,
845,スレイマン,3,スレイマン,1,1,無,渾身の一撃,,,,100,30,15,100,,,,,,,,,,,,,,,,,,,,,,〇,,,,,,,
848,オオロンブス,4,オオロンブス,1,1,無,渾身の一撃,,,,100,30,15,100,,,,,,,,,,,,,,,,,,,,,,〇,,,,,,,
849,キャベンディッシュ,4,キャベンディッシュ,1,1,無,渾身の一撃,,,,100,30,15,100,,,,,,,,,,,,,,,,,,,,,,〇,,,,,,,
850,レベッカ,5,レベッカ,1,1,無,渾身の一撃,,,,100,30,15,100,,,,,,,,,,,,,,,,,,,,,,〇,,,,,,,
855,ゲルニカ,3,ゲルニカ,1,1,無,渾身の一撃,,,,100,30,15,100,,,,,,,,,,,,,,,,,,,,,,〇,,,,,,,
857,バルトロメオ,4,バルトロメオ,1,1,無,渾身の一撃,,,,100,30,15,100,,,,,,,,,,,,,,,,,,,,,,〇,,,,,,,
859,イデオ,4,イデオ,1,1,無,渾身の一撃,,,,100,30,15,100,,,,,,,,,,,,,,,,,,,,,,〇,,,,,,,
861,ハイルディン,4,ハイルディン,1,1,無,渾身の一撃,,,,100,30,15,100,,,,,,,,,,,,,,,,,,,,,,〇,,,,,,,
868,ブルーギリー,3,ブルーギリー,1,1,無,渾身の一撃,,,,100,30,15,100,,,,,,,,,,,,,,,,,,,,,,〇,,,,,,,
870,リク・ドルド3世,4,リク王,1,1,無,渾身の一撃,,,,100,30,15,100,,,,,,,,,,,,,,,,,,,,,,〇,,,,,,,
871,ハック,3,ハック,1,1,無,渾身の一撃,,,,100,30,15,100,,,,,,,,,,,,,,,,,,,,,,〇,,,,,,,
875,レオ,4,レオ,1,1,無,渾身の一撃,,,,100,30,15,100,,,,,,,,,,,,,,,,,,,,,,〇,,,,,,,
885,ジョーラ,3,ジョーラ,1,1,無,渾身の一撃,,,,100,30,15,100,,,,,,,,,,,,,,,,,,,,,,〇,,,,,,,
887,バスティーユ,3,バスティーユ,1,1,無,渾身の一撃,,,,100,30,15,100,,,,,,,,,,,,,,,,,,,,,,〇,,,,,,,
901,グラディウス,3,グラディウス,1,1,無,渾身の一撃,,,,100,30,15,100,,,,,,,,,,,,,,,,,,,,,,〇,,,,,,,
902,デリンジャー,3,デリンジャー,1,1,無,渾身の一撃,,,,100,30,15,100,,,,,,,,,,,,,,,,,,,,,,〇,,,,,,,
903,シュガー,4,シュガー,1,1,無,渾身の一撃,,,,100,30,15,100,,,,,,,,,,,,,,,,,,,,,,〇,,,,,,,
904,セニョール・ピンク,4,セニョール,1,1,無,渾身の一撃,,,,100,30,15,100,,,,,,,,,,,,,,,,,,,,,,〇,,,,,,,
906,マッハバイス,3,マッハバイス,1,1,無,渾身の一撃,,,,100,30,15,100,,,,,,,,,,,,,,,,,,,,,,〇,,,,,,,
907,ラオG,3,ラオG,1,1,無,渾身の一撃,,,,100,30,15,100,,,,,,,,,,,,,,,,,,,,,,〇,,,,,,,
908,ディアマンテ,4,ディアマンテ,1,1,無,渾身の一撃,,,,100,30,15,100,,,,,,,,,,,,,,,,,,,,,,〇,,,,,,,
909,トレーボル,4,トレーボル,1,1,無,渾身の一撃,,,,100,30,15,100,,,,,,,,,,,,,,,,,,,,,,〇,,,,,,,
914,ピーカ,4,ピーカ,1,1,無,渾身の一撃,,,,100,30,15,100,,,,,,,,,,,,,,,,,,,,,,〇,,,,,,,
917,黒炭カン十郎,4,黒炭カン十郎,1,1,無,渾身の一撃,,,,100,30,15,100,,,,,,,,,,,,,,,,,,,,,,〇,,,,,,,
924,ドンキホーテ・ロシナンテ,4,ロシナンテ,1,1,無,渾身の一撃,,,,100,30,15,100,,,,,,,,,,,,,,,,,,,,,,〇,,,,,,,
935,マンシェリー,4,マンシェリー,1,1,無,渾身の一撃,,,,100,30,15,100,,,,,,,,,,,,,,,,,,,,,,〇,,,,,,,
944,カイドウ,7,カイドウ,1,1,無,渾身の一撃,,,,100,30,15,100,,,,,,,,,,,,,,,,,,,,,,,〇,,,,,,
947,エドワード・ウィーブル,6,ウィーブル,1,1,無,渾身の一撃,,,,100,30,15,100,,,,,,,,,,,,,,,,,,,,,,,〇,,,,,,
948,バッキン,4,バッキン,1,1,無,渾身の一撃,,,,100,30,15,100,,,,,,,,,,,,,,,,,,,,,,,〇,,,,,,
949,象主,4,象主,1,1,無,渾身の一撃,,,,100,30,15,100,,,,,,,,,,,,,,,,,,,,,,,〇,,,,,,
954,ワンダ,3,ワンダ,1,1,無,渾身の一撃,,,,100,30,15,100,,,,,,,,,,,,,,,,,,,,,,,〇,,,,,,
955,キャロット,4,キャロット,1,1,無,渾身の一撃,,,,100,30,15,100,,,,,,,,,,,,,,,,,,,,,,,〇,,,,,,
960,ジャック,4,ジャック,1,1,無,渾身の一撃,,,,100,30,15,100,,,,,,,,,,,,,,,,,,,,,,,〇,,,,,,
961,シープスヘッド,3,シープスヘッド,1,1,無,渾身の一撃,,,,100,30,15,100,,,,,,,,,,,,,,,,,,,,,,,〇,,,,,,
963,ジンラミー,2,ジンラミー,1,1,無,渾身の一撃,,,,100,30,15,100,,,,,,,,,,,,,,,,,,,,,,,〇,,,,,,
966,シシリアン,4,シシリアン,1,1,無,渾身の一撃,,,,100,30,15,100,,,,,,,,,,,,,,,,,,,,,,,〇,,,,,,
967,イヌアラシ,5,イヌアラシ,1,1,無,渾身の一撃,,,,100,30,15,100,,,,,,,,,,,,,,,,,,,,,,,〇,,,,,,
969,ジョバンニ,3,ジョバンニ,1,1,無,渾身の一撃,,,,100,30,15,100,,,,,,,,,,,,,,,,,,,,,,,〇,,,,,,
970,コンスロット,3,コンスロット,1,1,無,渾身の一撃,,,,100,30,15,100,,,,,,,,,,,,,,,,,,,,,,,〇,,,,,,
971,ネコマムシ,5,ネコマムシ,1,1,無,渾身の一撃,,,,100,30,15,100,,,,,,,,,,,,,,,,,,,,,,,〇,,,,,,
976,ヴィト,3,ヴィト,1,1,無,渾身の一撃,,,,100,30,15,100,,,,,,,,,,,,,,,,,,,,,,,〇,,,,,,
977,ペドロ,4,ペドロ,1,1,無,渾身の一撃,,,,100,30,15,100,,,,,,,,,,,,,,,,,,,,,,,〇,,,,,,
981,雷ぞう,4,雷ぞう,1,1,無,渾身の一撃,,,,100,30,15,100,,,,,,,,,,,,,,,,,,,,,,,〇,,,,,,
982,サリー・ナントカネット,2,ナントカネット,1,1,無,渾身の一撃,,,,100,30,15,100,,,,,,,,,,,,,,,,,,,,,,,,,〇,,,,
983,シャーロット・プリン,4,プリン,1,1,無,渾身の一撃,,,,100,30,15,100,,,,,,,,,,,,,,,,,,,,,,,,〇,,,,,
984,ゴッティ,3,ゴッティ,1,1,無,渾身の一撃,,,,100,30,15,100,,,,,,,,,,,,,,,,,,,,,,,〇,〇,,,,,
987,ヴィンスモーク・ヨンジ,4,ヨンジ,1,1,無,渾身の一撃,,,,100,30,15,100,,,,,,,,,,,,,,,,,,,,,,,,〇,,,,,
988,ヴィンスモーク・レイジュ,4,レイジュ,1,1,無,渾身の一撃,,,,100,30,15,100,,,,,,,,,,,,,,,,,,,,,,,,〇,,,,,
996,シャーロット・リンリン,7,リンリン,1,1,無,渾身の一撃,,,,100,30,15,100,,,,,,,,,,,,,,,,,,,,,,,,〇,,,,,
997,シャーロット・プラリネ,3,プラリネ,1,1,無,渾身の一撃,,,,100,30,15,100,,,,,,,,,,,,,,,,,,,,,,,,〇,,,,,
1000,パウンド,3,パウンド,1,1,無,渾身の一撃,,,,100,30,15,100,,,,,,,,,,,,,,,,,,,,,,,,〇,,,,,
1003,シャーロット・ブリュレ,3,ブリュレ,1,1,無,渾身の一撃,,,,100,30,15,100,,,,,,,,,,,,,,,,,,,,,,,,〇,,,,,
1004,ヴィンスモーク・ジャッジ,4,ジャッジ,1,1,無,渾身の一撃,,,,100,30,15,100,,,,,,,,,,,,,,,,,,,,,,,,〇,,,,,
1007,シャーロット・シフォン,3,シフォン,1,1,無,渾身の一撃,,,,100,30,15,100,,,,,,,,,,,,,,,,,,,,,,,,〇,,,,,
1008,カポネ・ペッツ,3,ペッツ,1,1,無,渾身の一撃,,,,100,30,15,100,,,,,,,,,,,,,,,,,,,,,,,,〇,,,,,
1009,シャーロット・ペロスペロー,5,ペロスペロー,1,1,無,渾身の一撃,,,,100,30,15,100,,,,,,,,,,,,,,,,,,,,,,,,〇,,,,,
1011,シャーロット・クラッカー,4,クラッカー,1,1,無,渾身の一撃,,,,100,30,15,100,,,,,,,,,,,,,,,,,,,,,,,,〇,,,,,
1012,キングバーム,3,キングバーム,1,1,無,渾身の一撃,,,,100,30,15,100,,,,,,,,,,,,,,,,,,,,,,,,〇,,,,,
1013,ヴィンスモーク・イチジ,4,イチジ,1,1,無,渾身の一撃,,,,100,30,15,100,,,,,,,,,,,,,,,,,,,,,,,,〇,,,,,
1014,ヴィンスモーク・ニジ,4,ニジ,1,1,無,渾身の一撃,,,,100,30,15,100,,,,,,,,,,,,,,,,,,,,,,,,〇,,,,,
1022,セーザ,2,セーザ,1,1,無,渾身の一撃,,,,100,30,15,100,,,,,,,,,,,,,,,,,,,,,,,,,〇,,,,
1023,イワトビ,2,イワトビ,1,1,無,渾身の一撃,,,,100,30,15,100,,,,,,,,,,,,,,,,,,,,,,,,,〇,,,,
1024,ラーメン,2,ラーメン,1,1,無,渾身の一撃,,,,100,30,15,100,,,,,,,,,,,,,,,,,,,,,,,,,〇,,,,
1032,ステューシー,4,ステューシー,1,1,無,渾身の一撃,,,,100,30,15,100,,,,,,,,,,,,,,,,,,,,,,,,〇,,,,,
1033,シャーロット・モンドール,3,モンドール,1,1,無,渾身の一撃,,,,100,30,15,100,,,,,,,,,,,,,,,,,,,,,,,,〇,,,,,
1049,シャーロット・スムージー,4,スムージー,1,1,無,渾身の一撃,,,,100,30,15,100,,,,,,,,,,,,,,,,,,,,,,,,〇,,,,,
1058,ナポレオン,3,ナポレオン,1,1,無,渾身の一撃,,,,100,30,15,100,,,,,,,,,,,,,,,,,,,,,,,,〇,,,,,
1059,プロメテウス,3,プロメテウス,1,1,無,渾身の一撃,,,,100,30,15,100,,,,,,,,,,,,,,,,,,,,,,,,〇,,,,,
1060,ゼウス,3,ゼウス,1,1,無,渾身の一撃,,,,100,30,15,100,,,,,,,,,,,,,,,,,,,,,,,,〇,,,,,
1066,シュトロイゼン,3,シュトロイゼン,1,1,無,渾身の一撃,,,,100,30,15,100,,,,,,,,,,,,,,,,,,,,,,,,〇,,,,,
1070,モルガンズ,4,モルガンズ,1,1,無,渾身の一撃,,,,100,30,15,100,,,,,,,,,,,,,,,,,,,,,,,,〇,,,,,
1076,シャーロット・カタクリ,6,カタクリ,1,1,無,渾身の一撃,,,,100,30,15,100,,,,,,,,,,,,,,,,,,,,,,,,〇,,,,,
1087,シャーロット・ダイフク,4,ダイフク,1,1,無,渾身の一撃,,,,100,30,15,100,,,,,,,,,,,,,,,,,,,,,,,,〇,,,,,
1088,シャーロット・オーブン,4,オーブン,1,1,無,渾身の一撃,,,,100,30,15,100,,,,,,,,,,,,,,,,,,,,,,,,〇,,,,,
1100,カルメル,3,カルメル,1,1,無,渾身の一撃,,,,100,30,15,100,,,,,,,,,,,,,,,,,,,,,,,,〇,,,,,
1111,ゲルズ,3,ゲルズ,1,1,無,渾身の一撃,,,,100,30,15,100,,,,,,,,,,,,,,,,,,,,,,,,〇,,,,,
1113,ヨルル,3,ヨルル,1,1,無,渾身の一撃,,,,100,30,15,100,,,,,,,,,,,,,,,,,,,,,,,,〇,,,,,
1114,ヤルル,3,ヤルル,1,1,無,渾身の一撃,,,,100,30,15,100,,,,,,,,,,,,,,,,,,,,,,,,〇,,,,,
1147,シャーロット・フランペ,3,フランぺ,1,1,無,渾身の一撃,,,,100,30,15,100,,,,,,,,,,,,,,,,,,,,,,,,〇,,,,,
1182,コマネ,1,コマネ,1,1,無,渾身の一撃,,,,100,30,15,100,,,,,,,,,,,,,,,,,,,,,,,,,〇,,,,
1186,モーリー,4,モーリー,1,1,無,渾身の一撃,,,,100,30,15,100,,,,,,,,,,,,,,,,,,,,,,,,,〇,,,,
1187,ベロ・ベティ,4,ベロ・ベティ,1,1,無,渾身の一撃,,,,100,30,15,100,,,,,,,,,,,,,,,,,,,,,,,,,〇,,,,
1188,リンドバーグ,4,リンドバーグ,1,1,無,渾身の一撃,,,,100,30,15,100,,,,,,,,,,,,,,,,,,,,,,,,,〇,,,,
1189,カラス,4,カラス,1,1,無,渾身の一撃,,,,100,30,15,100,,,,,,,,,,,,,,,,,,,,,,,,,〇,,,,
1190,ビール6世,2,ビール6世,1,1,無,渾身の一撃,,,,100,30,15,100,,,,,,,,,,,,,,,,,,,,,,,,,〇,,,,
1191,マトリョーサカ,1,マトリョーサカ,1,1,無,渾身の一撃,,,,100,30,15,100,,,,,,,,,,,,,,,,,,,,,,,,,〇,,,,
1192,マトリョースカ,1,マトリョースカ,1,1,無,渾身の一撃,,,,100,30,15,100,,,,,,,,,,,,,,,,,,,,,,,,,〇,,,,
1193,マトリョーセカ,1,マトリョーセカ,1,1,無,渾身の一撃,,,,100,30,15,100,,,,,,,,,,,,,,,,,,,,,,,,,〇,,,,
1194,マトリョーソカ,1,マトリョーソカ,1,1,無,渾身の一撃,,,,100,30,15,100,,,,,,,,,,,,,,,,,,,,,,,,,〇,,,,
1195,ハン・バーガー,2,ハン・バーガー,1,1,無,渾身の一撃,,,,100,30,15,100,,,,,,,,,,,,,,,,,,,,,,,,,〇,,,,
1196,モロロン,2,モロロン,1,1,無,渾身の一撃,,,,100,30,15,100,,,,,,,,,,,,,,,,,,,,,,,,,〇,,,,
1197,タコス,2,タコス,1,1,無,渾身の一撃,,,,100,30,15,100,,,,,,,,,,,,,,,,,,,,,,,,,〇,,,,
1201,ムケッカ,2,ムケッカ,1,1,無,渾身の一撃,,,,100,30,15,100,,,,,,,,,,,,,,,,,,,,,,,,,〇,,,,
1202,ナシ,2,ナシ,1,1,無,渾身の一撃,,,,100,30,15,100,,,,,,,,,,,,,,,,,,,,,,,,,〇,,,,
1203,マリ,2,マリ,1,1,無,渾身の一撃,,,,100,30,15,100,,,,,,,,,,,,,,,,,,,,,,,,,〇,,,,
1204,ソース,2,ソース,1,1,無,渾身の一撃,,,,100,30,15,100,,,,,,,,,,,,,,,,,,,,,,,,,〇,,,,
1205,ネギー,2,ネギー,1,1,無,渾身の一撃,,,,100,30,15,100,,,,,,,,,,,,,,,,,,,,,,,,,〇,,,,
1206,クーラン,2,クーラン,1,1,無,渾身の一撃,,,,100,30,15,100,,,,,,,,,,,,,,,,,,,,,,,,,〇,,,,
1207,レモンチーズ,2,レモンチーズ,1,1,無,渾身の一撃,,,,100,30,15,100,,,,,,,,,,,,,,,,,,,,,,,,,〇,,,,
1208,ジープ,2,ジープ,1,1,無,渾身の一撃,,,,100,30,15,100,,,,,,,,,,,,,,,,,,,,,,,,,〇,,,,
1209,ホイール,1,ホイール,1,1,無,渾身の一撃,,,,100,30,15,100,,,,,,,,,,,,,,,,,,,,,,,,,〇,,,,
1210,フラーリ,2,フラーリ,1,1,無,渾身の一撃,,,,100,30,15,100,,,,,,,,,,,,,,,,,,,,,,,,,〇,,,,
1211,トリトブー,1,トリトブー,1,1,無,渾身の一撃,,,,100,30,15,100,,,,,,,,,,,,,,,,,,,,,,,,,〇,,,,
1215,セキ,2,セキ,1,1,無,渾身の一撃,,,,100,30,15,100,,,,,,,,,,,,,,,,,,,,,,,,,〇,,,,
1216,ストノガノフ,2,ストノガノフ,1,1,無,渾身の一撃,,,,100,30,15,100,,,,,,,,,,,,,,,,,,,,,,,,,〇,,,,
1217,ティー4世,2,ティー4世,1,1,無,渾身の一撃,,,,100,30,15,100,,,,,,,,,,,,,,,,,,,,,,,,,〇,,,,
1218,バン・ドデシネ,2,バン・ドデシネ,1,1,無,渾身の一撃,,,,100,30,15,100,,,,,,,,,,,,,,,,,,,,,,,,,〇,,,,
1219,チャップ,2,チャップ,1,1,無,渾身の一撃,,,,100,30,15,100,,,,,,,,,,,,,,,,,,,,,,,,,〇,,,,
1245,タマ,1,タマ,1,1,無,渾身の一撃,,,,100,30,15,100,,,,,,,,,,,,,,,,,,,,,,,,,〇,,,,
1246,オイデー,1,オイデー,1,1,無,渾身の一撃,,,,100,30,15,100,,,,,,,,,,,,,,,,,,,,,,,,,〇,,,,
1247,港友,2,港友,1,1,無,渾身の一撃,,,,100,30,15,100,,,,,,,,,,,,,,,,,,,,,,,,,,〇,,,
1248,ガマ・ピョンの助,1,ガマ・ピョンの助,1,1,無,渾身の一撃,,,,100,30,15,100,,,,,,,,,,,,,,,,,,,,,,,,,,〇,,,
1249,津軽うみ,1,津軽うみ,1,1,無,渾身の一撃,,,,100,30,15,100,,,,,,,,,,,,,,,,,,,,,,,,,,〇,,,
1250,義浪チン太郎,1,義浪チン太郎,1,1,無,渾身の一撃,,,,100,30,15,100,,,,,,,,,,,,,,,,,,,,,,,,,,〇,,,
1251,遠山辻ギロー,1,遠山辻ギロー,1,1,無,渾身の一撃,,,,100,30,15,100,,,,,,,,,,,,,,,,,,,,,,,,,,〇,,,
1252,春ダコ,1,春ダコ,1,1,無,渾身の一撃,,,,100,30,15,100,,,,,,,,,,,,,,,,,,,,,,,,,,〇,,,
1253,夢鯉,1,夢鯉,1,1,無,渾身の一撃,,,,100,30,15,100,,,,,,,,,,,,,,,,,,,,,,,,,,〇,,,
1254,ひひ丸,2,ひひ丸,1,1,無,渾身の一撃,,,,100,30,15,100,,,,,,,,,,,,,,,,,,,,,,,,,,〇,,,
1255,マッドサウルス,1,マッドサウルス,1,1,無,渾身の一撃,,,,100,30,15,100,,,,,,,,,,,,,,,,,,,,,,,,,,〇,,,
1256,マッスイ,1,マッスイ,1,1,無,渾身の一撃,,,,100,30,15,100,,,,,,,,,,,,,,,,,,,,,,,,,,〇,,,
1257,お玉,4,お玉,1,1,無,渾身の一撃,,,,100,30,15,100,,,,,,,,,,,,,,,,,,,,,,,,,,〇,,,
1258,狛ちよ,2,狛ちよ,1,1,無,渾身の一撃,,,,100,30,15,100,,,,,,,,,,,,,,,,,,,,,,,,,,〇,,,
1259,ぶんぶく,2,ぶんぶく,1,1,無,渾身の一撃,,,,100,30,15,100,,,,,,,,,,,,,,,,,,,,,,,,,,〇,,,
1260,天狗山飛徹 (光月スキヤキ),3,天狗山飛徹,1,1,無,渾身の一撃,,,,100,30,15,100,,,,,,,,,,,,,,,,,,,,,,,,,,〇,,,
1264,ワニザメ,1,ワニザメ,1,1,無,渾身の一撃,,,,100,30,15,100,,,,,,,,,,,,,,,,,,,,,,,,,,〇,,,
1265,狛鹿,1,狛鹿,1,1,無,渾身の一撃,,,,100,30,15,100,,,,,,,,,,,,,,,,,,,,,,,,,,〇,,,
1266,お鶴,3,お鶴,1,1,無,渾身の一撃,,,,100,30,15,100,,,,,,,,,,,,,,,,,,,,,,,,,,〇,,,
1267,菊之丞,4,菊,1,1,無,渾身の一撃,,,,100,30,15,100,,,,,,,,,,,,,,,,,,,,,,,,,,〇,,,
1268,浦島,2,浦島,1,1,無,渾身の一撃,,,,100,30,15,100,,,,,,,,,,,,,,,,,,,,,,,,,,〇,,,
1269,バットマン,1,バットマン,1,1,無,渾身の一撃,,,,100,30,15,100,,,,,,,,,,,,,,,,,,,,,,,,,,〇,,,
1270,ガゼルマン,1,ガゼルマン,1,1,無,渾身の一撃,,,,100,30,15,100,,,,,,,,,,,,,,,,,,,,,,,,,,〇,,,
1271,セリザワ,1,セリザワ,1,1,無,渾身の一撃,,,,100,30,15,100,,,,,,,,,,,,,,,,,,,,,,,,,,〇,,,
1272,マウスマン,1,マウスマン,1,1,無,渾身の一撃,,,,100,30,15,100,,,,,,,,,,,,,,,,,,,,,,,,,,〇,,,
1273,わかさ,1,わかさ,1,1,無,渾身の一撃,,,,100,30,15,100,,,,,,,,,,,,,,,,,,,,,,,,,,〇,,,
1274,ひろし,1,ひろし,1,1,無,渾身の一撃,,,,100,30,15,100,,,,,,,,,,,,,,,,,,,,,,,,,,〇,,,
1275,さいころ,1,さいころ,1,1,無,渾身の一撃,,,,100,30,15,100,,,,,,,,,,,,,,,,,,,,,,,,,,〇,,,
1276,ホールデム,3,ホールデム,1,1,無,渾身の一撃,,,,100,30,15,100,,,,,,,,,,,,,,,,,,,,,,,,,,〇,,,
1277,一鶴,1,一鶴,1,1,無,渾身の一撃,,,,100,30,15,100,,,,,,,,,,,,,,,,,,,,,,,,,,〇,,,
1278,ようかん,1,ようかん,1,1,無,渾身の一撃,,,,100,30,15,100,,,,,,,,,,,,,,,,,,,,,,,,,,〇,,,
1279,アタゴ山,1,アタゴ山,1,1,無,渾身の一撃,,,,100,30,15,100,,,,,,,,,,,,,,,,,,,,,,,,,,〇,,,
1280,スマートタニシ,1,スマートタニシ,1,1,無,渾身の一撃,,,,100,30,15,100,,,,,,,,,,,,,,,,,,,,,,,,,,〇,,,
1281,ラビットマン,1,ラビットマン,1,1,無,渾身の一撃,,,,100,30,15,100,,,,,,,,,,,,,,,,,,,,,,,,,,〇,,,
1282,キン坊,1,キン坊,1,1,無,渾身の一撃,,,,100,30,15,100,,,,,,,,,,,,,,,,,,,,,,,,,,〇,,,
1283,お八女,1,お八女,1,1,無,渾身の一撃,,,,100,30,15,100,,,,,,,,,,,,,,,,,,,,,,,,,,〇,,,
1284,スピード,3,スピード,1,1,無,渾身の一撃,,,,100,30,15,100,,,,,,,,,,,,,,,,,,,,,,,,,,〇,,,
1285,いの一番の助,1,いの一番の助,1,1,無,渾身の一撃,,,,100,30,15,100,,,,,,,,,,,,,,,,,,,,,,,,,,〇,,,
1286,噛二郎,1,噛二郎,1,1,無,渾身の一撃,,,,100,30,15,100,,,,,,,,,,,,,,,,,,,,,,,,,,〇,,,
1287,銀のすけ,1,銀のすけ,1,1,無,渾身の一撃,,,,100,30,15,100,,,,,,,,,,,,,,,,,,,,,,,,,,〇,,,
1288,千早,1,千早,1,1,無,渾身の一撃,,,,100,30,15,100,,,,,,,,,,,,,,,,,,,,,,,,,,〇,,,
1289,さらへび先生,1,さらへび先生,1,1,無,渾身の一撃,,,,100,30,15,100,,,,,,,,,,,,,,,,,,,,,,,,,,〇,,,
1290,傳ジロー,4,傳ジロー,1,1,無,渾身の一撃,,,,100,30,15,100,,,,,,,,,,,,,,,,,,,,,,,,,,〇,,,
1291,原,1,原,1,1,無,渾身の一撃,,,,100,30,15,100,,,,,,,,,,,,,,,,,,,,,,,,,,〇,,,
1292,たぶ八郎,1,たぶ八郎,1,1,無,渾身の一撃,,,,100,30,15,100,,,,,,,,,,,,,,,,,,,,,,,,,,〇,,,
1293,地武えもん,1,地武えもん,1,1,無,渾身の一撃,,,,100,30,15,100,,,,,,,,,,,,,,,,,,,,,,,,,,〇,,,
1294,クロ沢,1,クロ沢,1,1,無,渾身の一撃,,,,100,30,15,100,,,,,,,,,,,,,,,,,,,,,,,,,,〇,,,
1295,カゲロウ,1,カゲロウ,1,1,無,渾身の一撃,,,,100,30,15,100,,,,,,,,,,,,,,,,,,,,,,,,,,〇,,,
1296,しのぶ,4,しのぶ,1,1,無,渾身の一撃,,,,100,30,15,100,,,,,,,,,,,,,,,,,,,,,,,,,,〇,,,
1297,アシュラ童子,4,アシュラ,1,1,無,渾身の一撃,,,,100,30,15,100,,,,,,,,,,,,,,,,,,,,,,,,,,〇,,,
1298,ホメ,1,ホメ,1,1,無,渾身の一撃,,,,100,30,15,100,,,,,,,,,,,,,,,,,,,,,,,,,,〇,,,
1299,お蝶々,1,お蝶々,1,1,無,渾身の一撃,,,,100,30,15,100,,,,,,,,,,,,,,,,,,,,,,,,,,〇,,,
1300,ごろ兵衛,1,ごろ兵衛,1,1,無,渾身の一撃,,,,100,30,15,100,,,,,,,,,,,,,,,,,,,,,,,,,,〇,,,
1301,プドス,1,プドス,1,1,無,渾身の一撃,,,,100,30,15,100,,,,,,,,,,,,,,,,,,,,,,,,,,〇,,,
1305,キキパツ,1,キキパツ,1,1,無,渾身の一撃,,,,100,30,15,100,,,,,,,,,,,,,,,,,,,,,,,,,,〇,,,
1306,マキ,1,マキ,1,1,無,渾身の一撃,,,,100,30,15,100,,,,,,,,,,,,,,,,,,,,,,,,,,〇,,,
1307,トリ,1,トリ,1,1,無,渾身の一撃,,,,100,30,15,100,,,,,,,,,,,,,,,,,,,,,,,,,,〇,,,
1308,キング,6,キング,1,1,無,渾身の一撃,,,,100,30,15,100,,,,,,,,,,,,,,,,,,,,,,,,,,〇,,,
1309,クイーン,5,クイーン,1,1,無,渾身の一撃,,,,100,30,15,100,,,,,,,,,,,,,,,,,,,,,,,,,,〇,,,
1310,カメ吉,1,カメ吉,1,1,無,渾身の一撃,,,,100,30,15,100,,,,,,,,,,,,,,,,,,,,,,,,,,〇,,,
1311,右近,1,右近,1,1,無,渾身の一撃,,,,100,30,15,100,,,,,,,,,,,,,,,,,,,,,,,,,,〇,,,
1312,火太夫,1,火太夫,1,1,無,渾身の一撃,,,,100,30,15,100,,,,,,,,,,,,,,,,,,,,,,,,,,〇,,,
1313,紋ジロウ,1,紋ジロウ,1,1,無,渾身の一撃,,,,100,30,15,100,,,,,,,,,,,,,,,,,,,,,,,,,,〇,,,
1314,十字ロウ,1,十字ロウ,1,1,無,渾身の一撃,,,,100,30,15,100,,,,,,,,,,,,,,,,,,,,,,,,,,〇,,,
1315,カクの進,1,カクの進,1,1,無,渾身の一撃,,,,100,30,15,100,,,,,,,,,,,,,,,,,,,,,,,,,,〇,,,
1316,コ十郎,1,コ十郎,1,1,無,渾身の一撃,,,,100,30,15,100,,,,,,,,,,,,,,,,,,,,,,,,,,〇,,,
1317,道たく,1,道たく,1,1,無,渾身の一撃,,,,100,30,15,100,,,,,,,,,,,,,,,,,,,,,,,,,,〇,,,
1318,割野フリ四郎,1,割野フリ四郎,1,1,無,渾身の一撃,,,,100,30,15,100,,,,,,,,,,,,,,,,,,,,,,,,,,〇,,,
1319,悪代カン三郎,2,悪代カン三郎,1,1,無,渾身の一撃,,,,100,30,15,100,,,,,,,,,,,,,,,,,,,,,,,,,,〇,,,
1320,イビリブツ,1,イビリブツ,1,1,無,渾身の一撃,,,,100,30,15,100,,,,,,,,,,,,,,,,,,,,,,,,,,〇,,,
1321,ドウナンノヨ,1,ドウナンノヨ,1,1,無,渾身の一撃,,,,100,30,15,100,,,,,,,,,,,,,,,,,,,,,,,,,,〇,,,
1323,ドボン,1,ドボン,1,1,無,渾身の一撃,,,,100,30,15,100,,,,,,,,,,,,,,,,,,,,,,,,,,〇,,,
1324,スケさん,2,スケさん,1,1,無,渾身の一撃,,,,100,30,15,100,,,,,,,,,,,,,,,,,,,,,,,,,,〇,,,
1325,クニさん,1,クニさん,1,1,無,渾身の一撃,,,,100,30,15,100,,,,,,,,,,,,,,,,,,,,,,,,,,〇,,,
1326,カクさん,1,カクさん,1,1,無,渾身の一撃,,,,100,30,15,100,,,,,,,,,,,,,,,,,,,,,,,,,,〇,,,
1327,トコ,4,トコ,1,1,無,渾身の一撃,,,,100,30,15,100,,,,,,,,,,,,,,,,,,,,,,,,,,〇,,,
1328,お高 (高尾),1,お高 ,1,1,無,渾身の一撃,,,,100,30,15,100,,,,,,,,,,,,,,,,,,,,,,,,,,〇,,,
1329,ヒョウ五郎,3,ヒョウ五郎,1,1,無,渾身の一撃,,,,100,30,15,100,,,,,,,,,,,,,,,,,,,,,,,,,,〇,,,
1330,びん豪,1,びん豪,1,1,無,渾身の一撃,,,,100,30,15,100,,,,,,,,,,,,,,,,,,,,,,,,,,〇,,,
1331,ブン業,1,ブン業,1,1,無,渾身の一撃,,,,100,30,15,100,,,,,,,,,,,,,,,,,,,,,,,,,,〇,,,
1332,凡ゴウ,1,凡ゴウ,1,1,無,渾身の一撃,,,,100,30,15,100,,,,,,,,,,,,,,,,,,,,,,,,,,〇,,,
1333,三ダユー,1,三ダユー,1,1,無,渾身の一撃,,,,100,30,15,100,,,,,,,,,,,,,,,,,,,,,,,,,,〇,,,
1334,光月日和,5,日和,1,1,無,渾身の一撃,,,,100,30,15,100,,,,,,,,,,,,,,,,,,,,,,,,,,〇,,,
1335,半次,1,半次,1,1,無,渾身の一撃,,,,100,30,15,100,,,,,,,,,,,,,,,,,,,,,,,,,,〇,,,
1336,クマ五郎,1,クマ五郎,1,1,無,渾身の一撃,,,,100,30,15,100,,,,,,,,,,,,,,,,,,,,,,,,,,〇,,,
1337,幸ベエ,1,幸ベエ,1,1,無,渾身の一撃,,,,100,30,15,100,,,,,,,,,,,,,,,,,,,,,,,,,,〇,,,
1338,きせ川,1,きせ川,1,1,無,渾身の一撃,,,,100,30,15,100,,,,,,,,,,,,,,,,,,,,,,,,,,〇,,,
1339,時ジロー,1,時ジロー,1,1,無,渾身の一撃,,,,100,30,15,100,,,,,,,,,,,,,,,,,,,,,,,,,,〇,,,
1340,らくだ,1,らくだ,1,1,無,渾身の一撃,,,,100,30,15,100,,,,,,,,,,,,,,,,,,,,,,,,,,〇,,,
1341,霜月康イエ,3,康イエ,1,1,無,渾身の一撃,,,,100,30,15,100,,,,,,,,,,,,,,,,,,,,,,,,,,〇,,,
1342,黒炭オロチ,4,オロチ,1,1,無,渾身の一撃,,,,100,30,15,100,,,,,,,,,,,,,,,,,,,,,,,,,,〇,,,
1343,ページワン,4,ページワン,1,1,無,渾身の一撃,,,,100,30,15,100,,,,,,,,,,,,,,,,,,,,,,,,,,〇,,,
1344,小糸,1,小糸,1,1,無,渾身の一撃,,,,100,30,15,100,,,,,,,,,,,,,,,,,,,,,,,,,,〇,,,
1345,麻七,1,麻七,1,1,無,渾身の一撃,,,,100,30,15,100,,,,,,,,,,,,,,,,,,,,,,,,,,〇,,,
1346,雷刃,2,雷刃,1,1,無,渾身の一撃,,,,100,30,15,100,,,,,,,,,,,,,,,,,,,,,,,,,,〇,,,
1347,スガミチ,1,スガミチ,1,1,無,渾身の一撃,,,,100,30,15,100,,,,,,,,,,,,,,,,,,,,,,,,,,〇,,,
1348,ワラザネ,1,ワラザネ,1,1,無,渾身の一撃,,,,100,30,15,100,,,,,,,,,,,,,,,,,,,,,,,,,,〇,,,
1349,大黒,2,大黒,1,1,無,渾身の一撃,,,,100,30,15,100,,,,,,,,,,,,,,,,,,,,,,,,,,〇,,,
1350,風影,2,風影,1,1,無,渾身の一撃,,,,100,30,15,100,,,,,,,,,,,,,,,,,,,,,,,,,,〇,,,
1351,風刃,2,風刃,1,1,無,渾身の一撃,,,,100,30,15,100,,,,,,,,,,,,,,,,,,,,,,,,,,〇,,,
1352,半ぞう,2,半ぞう,1,1,無,渾身の一撃,,,,100,30,15,100,,,,,,,,,,,,,,,,,,,,,,,,,,〇,,,
1353,ちょめ,2,ちょめ,1,1,無,渾身の一撃,,,,100,30,15,100,,,,,,,,,,,,,,,,,,,,,,,,,,〇,,,
1354,矢ざえもん,2,矢ざえもん,1,1,無,渾身の一撃,,,,100,30,15,100,,,,,,,,,,,,,,,,,,,,,,,,,,〇,,,
1355,地獄弁天,2,地獄弁天,1,1,無,渾身の一撃,,,,100,30,15,100,,,,,,,,,,,,,,,,,,,,,,,,,,〇,,,
1356,猿飛,2,猿飛,1,1,無,渾身の一撃,,,,100,30,15,100,,,,,,,,,,,,,,,,,,,,,,,,,,〇,,,
1357,ビシャ門,2,ビシャ門,1,1,無,渾身の一撃,,,,100,30,15,100,,,,,,,,,,,,,,,,,,,,,,,,,,〇,,,
1358,福ロクジュ,3,福ロクジュ,1,1,無,渾身の一撃,,,,100,30,15,100,,,,,,,,,,,,,,,,,,,,,,,,,,〇,,,
1359,犬飼,1,犬飼,1,1,無,渾身の一撃,,,,100,30,15,100,,,,,,,,,,,,,,,,,,,,,,,,,,〇,,,
1360,鶴江もんの助,1,鶴江もんの助,1,1,無,渾身の一撃,,,,100,30,15,100,,,,,,,,,,,,,,,,,,,,,,,,,,〇,,,
1361,アルパカマン,1,アルパカマン,1,1,無,渾身の一撃,,,,100,30,15,100,,,,,,,,,,,,,,,,,,,,,,,,,,〇,,,
1362,ソリティア,2,ソリティア,1,1,無,渾身の一撃,,,,100,30,15,100,,,,,,,,,,,,,,,,,,,,,,,,,,〇,,,
1363,ダイフゴー,2,ダイフゴー,1,1,無,渾身の一撃,,,,100,30,15,100,,,,,,,,,,,,,,,,,,,,,,,,,,〇,,,
1364,ババヌキ,2,ババヌキ,1,1,無,渾身の一撃,,,,100,30,15,100,,,,,,,,,,,,,,,,,,,,,,,,,,〇,,,
1365,三助,1,三助,1,1,無,渾身の一撃,,,,100,30,15,100,,,,,,,,,,,,,,,,,,,,,,,,,,〇,,,
1366,ノコッティ,1,ノコッティ,1,1,無,渾身の一撃,,,,100,30,15,100,,,,,,,,,,,,,,,,,,,,,,,,,,〇,,,
1367,ウワッツラー,1,ウワッツラー,1,1,無,渾身の一撃,,,,100,30,15,100,,,,,,,,,,,,,,,,,,,,,,,,,,〇,,,
1368,オニ丸 (牛鬼丸),3,オニ丸 (牛鬼丸),1,1,無,渾身の一撃,,,,100,30,15,100,,,,,,,,,,,,,,,,,,,,,,,,,,〇,,,
1369,マジロマン,1,マジロマン,1,1,無,渾身の一撃,,,,100,30,15,100,,,,,,,,,,,,,,,,,,,,,,,,,,〇,,,
1370,あずき,1,あずき,1,1,無,渾身の一撃,,,,100,30,15,100,,,,,,,,,,,,,,,,,,,,,,,,,,〇,,,
1371,玄林,1,玄林,1,1,無,渾身の一撃,,,,100,30,15,100,,,,,,,,,,,,,,,,,,,,,,,,,,〇,,,
1372,のり子,1,のり子,1,1,無,渾身の一撃,,,,100,30,15,100,,,,,,,,,,,,,,,,,,,,,,,,,,〇,,,
1373,光画タニシ,1,光画タニシ,1,1,無,渾身の一撃,,,,100,30,15,100,,,,,,,,,,,,,,,,,,,,,,,,,,〇,,,
1374,狛デーン,1,狛デーン,1,1,無,渾身の一撃,,,,100,30,15,100,,,,,,,,,,,,,,,,,,,,,,,,,,〇,,,
1375,保井さっ左,1,保井さっ左,1,1,無,渾身の一撃,,,,100,30,15,100,,,,,,,,,,,,,,,,,,,,,,,,,,〇,,,
1376,狛鶏,1,狛鶏,1,1,無,渾身の一撃,,,,100,30,15,100,,,,,,,,,,,,,,,,,,,,,,,,,,〇,,,
1377,地獄釜蓋目我点藩血ロウ,1,地獄釜蓋目我点藩血ロウ,1,1,無,渾身の一撃,,,,100,30,15,100,,,,,,,,,,,,,,,,,,,,,,,,,,〇,,,
1380,晴れ次,1,晴れ次,1,1,無,渾身の一撃,,,,100,30,15,100,,,,,,,,,,,,,,,,,,,,,,,,,,〇,,,
1381,ザン切丸,1,ザン切丸,1,1,無,渾身の一撃,,,,100,30,15,100,,,,,,,,,,,,,,,,,,,,,,,,,,〇,,,
1382,ノドイ・ワカーン,1,ノドイ・ワカーン,1,1,無,渾身の一撃,,,,100,30,15,100,,,,,,,,,,,,,,,,,,,,,,,,,,〇,,,
1383,ヒッパン・ナッテ,1,ヒッパン・ナッテ,1,1,無,渾身の一撃,,,,100,30,15,100,,,,,,,,,,,,,,,,,,,,,,,,,,〇,,,
1384,ネオキ,1,ネオキ,1,1,無,渾身の一撃,,,,100,30,15,100,,,,,,,,,,,,,,,,,,,,,,,,,,〇,,,
1385,河松,4,河松,1,1,無,渾身の一撃,,,,100,30,15,100,,,,,,,,,,,,,,,,,,,,,,,,,,〇,,,
1386,雨月なみだ,1,雨月なみだ,1,1,無,渾身の一撃,,,,100,30,15,100,,,,,,,,,,,,,,,,,,,,,,,,,,〇,,,
1389,ホテイ,2,ホテイ,1,1,無,渾身の一撃,,,,100,30,15,100,,,,,,,,,,,,,,,,,,,,,,,,,,〇,,,
1390,飛室,1,飛室,1,1,無,渾身の一撃,,,,100,30,15,100,,,,,,,,,,,,,,,,,,,,,,,,,,〇,,,
1391,初芽,1,初芽,1,1,無,渾身の一撃,,,,100,30,15,100,,,,,,,,,,,,,,,,,,,,,,,,,,〇,,,
1392,がん吠,1,がん吠,1,1,無,渾身の一撃,,,,100,30,15,100,,,,,,,,,,,,,,,,,,,,,,,,,,〇,,,
1393,がる弾,1,がる弾,1,1,無,渾身の一撃,,,,100,30,15,100,,,,,,,,,,,,,,,,,,,,,,,,,,〇,,,
1394,山車天矢郎,1,山車天矢郎,1,1,無,渾身の一撃,,,,100,30,15,100,,,,,,,,,,,,,,,,,,,,,,,,,,〇,,,
1395,引込突米,1,引込突米,1,1,無,渾身の一撃,,,,100,30,15,100,,,,,,,,,,,,,,,,,,,,,,,,,,〇,,,
1396,狛虎,1,狛虎,1,1,無,渾身の一撃,,,,100,30,15,100,,,,,,,,,,,,,,,,,,,,,,,,,,〇,,,
1397,多美化羽織,1,多美化羽織,1,1,無,渾身の一撃,,,,100,30,15,100,,,,,,,,,,,,,,,,,,,,,,,,,,〇,,,
1399,大マサ,2,大マサ,1,1,無,渾身の一撃,,,,100,30,15,100,,,,,,,,,,,,,,,,,,,,,,,,,,〇,,,
1400,綱ゴロー,2,綱ゴロー,1,1,無,渾身の一撃,,,,100,30,15,100,,,,,,,,,,,,,,,,,,,,,,,,,,〇,,,
1401,お蝶,2,お蝶,1,1,無,渾身の一撃,,,,100,30,15,100,,,,,,,,,,,,,,,,,,,,,,,,,,〇,,,
1402,弥太っぺ,2,弥太っぺ,1,1,無,渾身の一撃,,,,100,30,15,100,,,,,,,,,,,,,,,,,,,,,,,,,,〇,,,
1404,霜月牛マル,3,牛マル,1,1,無,渾身の一撃,,,,100,30,15,100,,,,,,,,,,,,,,,,,,,,,,,,,,〇,,,
1405,合点承知の助男,1,合点承知の助男,1,1,無,渾身の一撃,,,,100,30,15,100,,,,,,,,,,,,,,,,,,,,,,,,,,〇,,,
1406,寿限無寿限無子,1,寿限無寿限無子,1,1,無,渾身の一撃,,,,100,30,15,100,,,,,,,,,,,,,,,,,,,,,,,,,,〇,,,
1407,長久命の長助,1,長久命の長助,1,1,無,渾身の一撃,,,,100,30,15,100,,,,,,,,,,,,,,,,,,,,,,,,,,〇,,,
1408,忍助,1,忍助,1,1,無,渾身の一撃,,,,100,30,15,100,,,,,,,,,,,,,,,,,,,,,,,,,,〇,,,
1411,霜月コウ三郎,3,コウ三郎,1,1,無,渾身の一撃,,,,100,30,15,100,,,,,,,,,,,,,,,,,,,,,,,,,,〇,,,
1412,トマティート,1,トマティート,1,1,無,渾身の一撃,,,,100,30,15,100,,,,,,,,,,,,,,,,,,,,,,,,,,〇,,,
1413,ジャバリ,1,ジャバリ,1,1,無,渾身の一撃,,,,100,30,15,100,,,,,,,,,,,,,,,,,,,,,,,,,,〇,,,
1414,ウラヤ・マシカッタ,1,ウラヤ・マシカッタ,1,1,無,渾身の一撃,,,,100,30,15,100,,,,,,,,,,,,,,,,,,,,,,,,,,〇,,,
1415,ヴァンサン,1,ヴァンサン,1,1,無,渾身の一撃,,,,100,30,15,100,,,,,,,,,,,,,,,,,,,,,,,,,,〇,,,
1483,でい五郎,1,でい五郎,1,1,無,渾身の一撃,,,,100,30,15,100,,,,,,,,,,,,,,,,,,,,,,,,,,〇,,,
1484,ホークマン,1,ホークマン,1,1,無,渾身の一撃,,,,100,30,15,100,,,,,,,,,,,,,,,,,,,,,,,,,,〇,,,
1485,KOSHIファルコン,1,KOSHIファルコン,1,1,無,渾身の一撃,,,,100,30,15,100,,,,,,,,,,,,,,,,,,,,,,,,,,〇,,,
1486,AGEHAウーマン,1,AGEHAウーマン,1,1,無,渾身の一撃,,,,100,30,15,100,,,,,,,,,,,,,,,,,,,,,,,,,,〇,,,
1487,フリカ,1,フリカ,1,1,無,渾身の一撃,,,,100,30,15,100,,,,,,,,,,,,,,,,,,,,,,,,,,〇,,,
1488,エッタラ・チャウンカイ,1,エッタラ・チャウンカイ,1,1,無,渾身の一撃,,,,100,30,15,100,,,,,,,,,,,,,,,,,,,,,,,,,,〇,,,
1489,大岩,1,大岩,1,1,無,渾身の一撃,,,,100,30,15,100,,,,,,,,,,,,,,,,,,,,,,,,,,〇,,,
1490,小岩,1,小岩,1,1,無,渾身の一撃,,,,100,30,15,100,,,,,,,,,,,,,,,,,,,,,,,,,,〇,,,
1491,中岩,1,中岩,1,1,無,渾身の一撃,,,,100,30,15,100,,,,,,,,,,,,,,,,,,,,,,,,,,〇,,,
1494,番三郎,1,番三郎,1,1,無,渾身の一撃,,,,100,30,15,100,,,,,,,,,,,,,,,,,,,,,,,,,,〇,,,
1495,友ぞう,1,友ぞう,1,1,無,渾身の一撃,,,,100,30,15,100,,,,,,,,,,,,,,,,,,,,,,,,,,〇,,,
1496,ぐる太郎,1,ぐる太郎,1,1,無,渾身の一撃,,,,100,30,15,100,,,,,,,,,,,,,,,,,,,,,,,,,,〇,,,
1497,光月おでん,6,おでん,1,1,無,渾身の一撃,,,,100,30,15,100,,,,,,,,,,,,,,,,,,,,,,,,,,〇,,,
1498,勝ぞう,1,勝ぞう,1,1,無,渾身の一撃,,,,100,30,15,100,,,,,,,,,,,,,,,,,,,,,,,,,,〇,,,
1499,山さん,2,山さん,1,1,無,渾身の一撃,,,,100,30,15,100,,,,,,,,,,,,,,,,,,,,,,,,,,〇,,,
1500,マウストゥー・マウスヤン,1,マウストゥー・マウスヤン,1,1,無,渾身の一撃,,,,100,30,15,100,,,,,,,,,,,,,,,,,,,,,,,,,,〇,,,
1501,ノリの助,2,ノリの助,1,1,無,渾身の一撃,,,,100,30,15,100,,,,,,,,,,,,,,,,,,,,,,,,,,〇,,,
1502,スーカレ・タイネン,2,スーカレ・タイネン,1,1,無,渾身の一撃,,,,100,30,15,100,,,,,,,,,,,,,,,,,,,,,,,,,,〇,,,
1503,シコン・ケッタイ,1,シコン・ケッタイ,1,1,無,渾身の一撃,,,,100,30,15,100,,,,,,,,,,,,,,,,,,,,,,,,,,〇,,,
1504,メザスゾワン・ピースオ,1,メザスゾワン・ピースオ,1,1,無,渾身の一撃,,,,100,30,15,100,,,,,,,,,,,,,,,,,,,,,,,,,,〇,,,
1505,ラクシテモ・テルスベハナイカ博士,1,ラクシテモ・テルスベハナイカ博士,1,1,無,渾身の一撃,,,,100,30,15,100,,,,,,,,,,,,,,,,,,,,,,,,,,〇,,,
1506,スーカレ・カレホスイ,1,スーカレ・カレホスイ,1,1,無,渾身の一撃,,,,100,30,15,100,,,,,,,,,,,,,,,,,,,,,,,,,,〇,,,
1507,レノナ・トパッカ,1,レノナ・トパッカ,1,1,無,渾身の一撃,,,,100,30,15,100,,,,,,,,,,,,,,,,,,,,,,,,,,〇,,,
1508,光月トキ,3,トキ,1,1,無,渾身の一撃,,,,100,30,15,100,,,,,,,,,,,,,,,,,,,,,,,,,,〇,,,
1509,サライ,1,サライ,1,1,無,渾身の一撃,,,,100,30,15,100,,,,,,,,,,,,,,,,,,,,,,,,,,〇,,,
1510,ユルバンさん,1,ユルバンさん,1,1,無,渾身の一撃,,,,100,30,15,100,,,,,,,,,,,,,,,,,,,,,,,,,,〇,,,
1513,黒炭ひぐらし,3,ひぐらし,1,1,無,渾身の一撃,,,,100,30,15,100,,,,,,,,,,,,,,,,,,,,,,,,,,〇,,,
1514,黒炭せみ丸,3,せみ丸,1,1,無,渾身の一撃,,,,100,30,15,100,,,,,,,,,,,,,,,,,,,,,,,,,,〇,,,
1515,デモーニ・アイヨ,1,デモーニ・アイヨ,1,1,無,渾身の一撃,,,,100,30,15,100,,,,,,,,,,,,,,,,,,,,,,,,,,〇,,,
1531,ひつギスカン公爵,1,ひつギスカン,1,1,無,渾身の一撃,,,,100,30,15,100,,,,,,,,,,,,,,,,,,,,,,,,,,〇,,,
1536,安馬,1,安馬,1,1,無,渾身の一撃,,,,100,30,15,100,,,,,,,,,,,,,,,,,,,,,,,,,,〇,,,
1537,お貴,1,お貴,1,1,無,渾身の一撃,,,,100,30,15,100,,,,,,,,,,,,,,,,,,,,,,,,,,〇,,,
1538,うっかりツル兵衛,1,うっかりツル兵衛,1,1,無,渾身の一撃,,,,100,30,15,100,,,,,,,,,,,,,,,,,,,,,,,,,,〇,,,
1551,うるティ,4,うるティ,1,1,無,渾身の一撃,,,,100,30,15,100,,,,,,,,,,,,,,,,,,,,,,,,,,〇,,,
1552,フーズ・フー,4,フーズ・フー,1,1,無,渾身の一撃,,,,100,30,15,100,,,,,,,,,,,,,,,,,,,,,,,,,,〇,,,
1553,ブラックマリア,4,ブラックマリア,1,1,無,渾身の一撃,,,,100,30,15,100,,,,,,,,,,,,,,,,,,,,,,,,,,〇,,,
1554,ササキ,4,ササキ,1,1,無,渾身の一撃,,,,100,30,15,100,,,,,,,,,,,,,,,,,,,,,,,,,,〇,,,
1557,バオファン,2,バオファン,1,1,無,渾身の一撃,,,,100,30,15,100,,,,,,,,,,,,,,,,,,,,,,,,,,〇,,,
1559,ジャンパー,1,ジャンパー,1,1,無,渾身の一撃,,,,100,30,15,100,,,,,,,,,,,,,,,,,,,,,,,,,,〇,,,
1560,ビーガール,1,ビーガール,1,1,無,渾身の一撃,,,,100,30,15,100,,,,,,,,,,,,,,,,,,,,,,,,,,〇,,,
1561,バッタマン,1,バッタマン,1,1,無,渾身の一撃,,,,100,30,15,100,,,,,,,,,,,,,,,,,,,,,,,,,,〇,,,
1562,提灯マン,1,提灯マン,1,1,無,渾身の一撃,,,,100,30,15,100,,,,,,,,,,,,,,,,,,,,,,,,,,〇,,,
1563,うすのろ,1,うすのろ,1,1,無,渾身の一撃,,,,100,30,15,100,,,,,,,,,,,,,,,,,,,,,,,,,,〇,,,
1564,ナイトクラブガール,1,ナイトクラブガール,1,1,無,渾身の一撃,,,,100,30,15,100,,,,,,,,,,,,,,,,,,,,,,,,,,〇,,,
1565,ダウト兄弟,1,ダウト兄弟,1,1,無,渾身の一撃,,,,100,30,15,100,,,,,,,,,,,,,,,,,,,,,,,,,,〇,,,
1566,レッドウルフ,1,レッドウルフ,1,1,無,渾身の一撃,,,,100,30,15,100,,,,,,,,,,,,,,,,,,,,,,,,,,〇,,,
1568,八茶,3,八茶,1,1,無,渾身の一撃,,,,100,30,15,100,,,,,,,,,,,,,,,,,,,,,,,,,,〇,,,
1575,ノコクワポリス,1,ノコクワポリス,1,1,無,渾身の一撃,,,,100,30,15,100,,,,,,,,,,,,,,,,,,,,,,,,,,〇,,,
1576,ビートルマン,1,ビートルマン,1,1,無,渾身の一撃,,,,100,30,15,100,,,,,,,,,,,,,,,,,,,,,,,,,,〇,,,
1577,カマキリガール,1,カマキリガール,1,1,無,渾身の一撃,,,,100,30,15,100,,,,,,,,,,,,,,,,,,,,,,,,,,〇,,,
1578,ヤマト,6,ヤマト,1,1,無,渾身の一撃,,,,100,30,15,100,,,,,,,,,,,,,,,,,,,,,,,,,,〇,,,
1582,七鬼,2,七鬼,1,1,無,渾身の一撃,,,,100,30,15,100,,,,,,,,,,,,,,,,,,,,,,,,,,〇,,,
1583,四鬼,2,四鬼,1,1,無,渾身の一撃,,,,100,30,15,100,,,,,,,,,,,,,,,,,,,,,,,,,,〇,,,
1584,五鬼,2,五鬼,1,1,無,渾身の一撃,,,,100,30,15,100,,,,,,,,,,,,,,,,,,,,,,,,,,〇,,,
1585,十鬼,2,十鬼,1,1,無,渾身の一撃,,,,100,30,15,100,,,,,,,,,,,,,,,,,,,,,,,,,,〇,,,
1589,ブリスコラ,1,ブリスコラ,1,1,無,渾身の一撃,,,,100,30,15,100,,,,,,,,,,,,,,,,,,,,,,,,,,〇,,,
1591,サイタンク,1,サイタンク,1,1,無,渾身の一撃,,,,100,30,15,100,,,,,,,,,,,,,,,,,,,,,,,,,,〇,,,
1592,スコーピオンレディ,1,スコーピオンレディ,1,1,無,渾身の一撃,,,,100,30,15,100,,,,,,,,,,,,,,,,,,,,,,,,,,〇,,,
1593,ビズリー,1,ビズリー,1,1,無,渾身の一撃,,,,100,30,15,100,,,,,,,,,,,,,,,,,,,,,,,,,,〇,,,
1594,コーカサスマン,1,コーカサスマン,1,1,無,渾身の一撃,,,,100,30,15,100,,,,,,,,,,,,,,,,,,,,,,,,,,〇,,,
1595,ハムレット,1,ハムレット,1,1,無,渾身の一撃,,,,100,30,15,100,,,,,,,,,,,,,,,,,,,,,,,,,,〇,,,
1596,フォートリックス,1,フォートリックス,1,1,無,渾身の一撃,,,,100,30,15,100,,,,,,,,,,,,,,,,,,,,,,,,,,〇,,,
1602,ミゼルカ,1,ミゼルカ,1,1,無,渾身の一撃,,,,100,30,15,100,,,,,,,,,,,,,,,,,,,,,,,,,,〇,,,
1603,ゴリ四郎,1,ゴリ四郎,1,1,無,渾身の一撃,,,,100,30,15,100,,,,,,,,,,,,,,,,,,,,,,,,,,〇,,,
1604,ポーカー,2,ポーカー,1,1,無,渾身の一撃,,,,100,30,15,100,,,,,,,,,,,,,,,,,,,,,,,,,,〇,,,
1605,びしょ濡れ女,1,びしょ濡れ女,1,1,無,渾身の一撃,,,,100,30,15,100,,,,,,,,,,,,,,,,,,,,,,,,,,〇,,,
1606,山姥,1,山姥,1,1,無,渾身の一撃,,,,100,30,15,100,,,,,,,,,,,,,,,,,,,,,,,,,,〇,,,
1607,濡れ女,1,濡れ女,1,1,無,渾身の一撃,,,,100,30,15,100,,,,,,,,,,,,,,,,,,,,,,,,,,〇,,,
1608,天井下り,1,天井下り,1,1,無,渾身の一撃,,,,100,30,15,100,,,,,,,,,,,,,,,,,,,,,,,,,,〇,,,
1621,カイマンレディ,1,カイマンレディ,1,1,無,渾身の一撃,,,,100,30,15,100,,,,,,,,,,,,,,,,,,,,,,,,,,〇,,,
1624,ヘラ,1,ヘラ,1,1,無,渾身の一撃,,,,100,30,15,100,,,,,,,,,,,,,,,,,,,,,,,,,,〇,,,
1625,ホースマン,1,ホースマン,1,1,無,渾身の一撃,,,,100,30,15,100,,,,,,,,,,,,,,,,,,,,,,,,,,〇,,,
1627,輪入道,1,輪入道,1,1,無,渾身の一撃,,,,100,30,15,100,,,,,,,,,,,,,,,,,,,,,,,,,,〇,,,
1635,雨月天ぷら,3,雨月天ぷら,1,1,無,渾身の一撃,,,,100,30,15,100,,,,,,,,,,,,,,,,,,,,,,,,,,〇,,,
1636,風月おむすび,3,風月おむすび,1,1,無,渾身の一撃,,,,100,30,15,100,,,,,,,,,,,,,,,,,,,,,,,,,,〇,,,
1641,二牙,3,二牙,1,1,無,渾身の一撃,,,,100,30,15,100,,,,,,,,,,,,,,,,,,,,,,,,,,〇,,,
1678,アラマキ,6,アラマキ,1,1,無,渾身の一撃,,,,100,30,15,100,,,,,,,,,,,,,,,,,,,,,,,,,,〇,,,
1695,S-スネーク,4,S-スネーク,1,1,無,渾身の一撃,,,,100,30,15,100,,,,,,,,,,,,,,,,,,,,,,,,,,,〇,,
1696,S-ホーク,4,S-ホーク,1,1,無,渾身の一撃,,,,100,30,15,100,,,,,,,,,,,,,,,,,,,,,,,,,,,〇,,
1702,ひばり,4,ひばり,1,1,無,渾身の一撃,,,,100,30,15,100,,,,,,,,,,,,,,,,,,,,,,,,,,,〇,,
1703,プリンス・グルス,4,プリンス・グルス,1,1,無,渾身の一撃,,,,100,30,15,100,,,,,,,,,,,,,,,,,,,,,,,,,,,〇,,
1704,悪,4,悪,1,1,無,渾身の一撃,,,,100,30,15,100,,,,,,,,,,,,,,,,,,,,,,,,,,,〇,,
1713,正,4,正,1,1,無,渾身の一撃,,,,100,30,15,100,,,,,,,,,,,,,,,,,,,,,,,,,,,〇,,
1717,暴,4,暴,1,1,無,渾身の一撃,,,,100,30,15,100,,,,,,,,,,,,,,,,,,,,,,,,,,,〇,,
1718,S-ベア,4,S-ベア,1,1,無,渾身の一撃,,,,100,30,15,100,,,,,,,,,,,,,,,,,,,,,,,,,,,〇,,
1737,S-シャーク,4,S-シャーク,1,1,無,渾身の一撃,,,,100,30,15,100,,,,,,,,,,,,,,,,,,,,,,,,,,,〇,,
1738,想,4,想,1,1,無,渾身の一撃,,,,100,30,15,100,,,,,,,,,,,,,,,,,,,,,,,,,,,〇,,
1739,知,4,知,1,1,無,渾身の一撃,,,,100,30,15,100,,,,,,,,,,,,,,,,,,,,,,,,,,,〇,,
1740,欲,4,欲,1,1,無,渾身の一撃,,,,100,30,15,100,,,,,,,,,,,,,,,,,,,,,,,,,,,〇,,
1742,ベガパンク,5,ベガパンク,1,1,無,渾身の一撃,,,,100,30,15,100,,,,,,,,,,,,,,,,,,,,,,,,,,,〇,,
1792,ジニー,4,ジニー,1,1,無,渾身の一撃,,,,100,30,15,100,,,,,,,,,,,,,,,,,,,,,,,,,,,〇,,
1818,コニー,3,コニー,1,1,無,渾身の一撃,,,,100,30,15,100,,,,,,,,,,,,,,,,,,,,,,,,,,,〇,,
10001,シキ,7,シキ,1,1,無,渾身の一撃,,,,100,30,15,100,,,,,,,,,,,,,,,,,,,,,,,,,,,,〇,
10002,ゼファー,7,ゼファー,1,1,無,渾身の一撃,,,,100,30,15,100,,,,,,,,〇,〇,〇,〇,〇,〇,〇,〇,〇,〇,〇,〇,〇,〇,〇,〇,〇,〇,〇,〇,〇,
10003,テゾーロ,7,テゾーロ,1,1,無,渾身の一撃,,,,100,30,15,100,,,,,,,,〇,〇,〇,〇,〇,〇,〇,〇,〇,〇,〇,〇,〇,〇,〇,〇,〇,〇,〇,〇,〇,
10004,ダグラス・バレット,7,ダグラス・バレット,1,1,無,渾身の一撃,,,,100,30,15,100,,,,,,,,〇,〇,〇,〇,〇,〇,〇,〇,〇,〇,〇,〇,〇,〇,〇,〇,〇,〇,〇,〇,〇,
10005,ウタ,7,ウタ,1,1,無,渾身の一撃,,,,100,30,15,100,,,,,,,,〇,〇,〇,〇,〇,〇,〇,〇,〇,〇,〇,〇,〇,〇,〇,〇,〇,〇,〇,〇,〇,
